Single nucleus sequencing reveals evidence of inter-nucleus recombination in arbuscular mycorrhizal fungi. Eric C.H. Chen, Stephanie Mathieu, Anne Hoffrichter, Kinga Sedzielewska-Toro, Max Peart, Adrian Pelin, Steve Ndikumana, Jeanne Ropars, Steven Dreissig, Jörg Fuchs, Andreas Brachmann, and Nicolas Corradi ,,,,,,,,,,,,,,,,,,,,
,,,,,,,,,,,,,,,,,,,,
Supplemental file 6. Genotype of variable regions in dikaryons in the first 100 scaffold_. This is the complete list of SNPs used to compute similarity matrix for Figure 3. Nuclei with a PCR proven MAT-locus are coloured. Green and yellow are used to highlight the two different genotypes present.,,,,,,,,,,,,,,,,,,,,
(c) R. irregularis SL1,,,,,,,,,,,,,,,,,,,,
scaffold,reference,position,SN06,SN07,SN14,SN15,SN05,SN12,SN17,SN23,SN04,SN08,SN10,SN13,SN16,SN18,SN21,SN25,MAT_A,MAT_B
scaffold_1,T,79991,,,,,,,,C,,,,,,,,,--,C
scaffold_3,A,7443,,,,T,,,,,,,,,,,,,T,--
scaffold_3,A,7508,,,,G,A,,,,,,,,,,,,G,A
scaffold_3,G,41075,G,A,G,,,G,A,G,A,G,,,,G,G,,A,G
scaffold_3,T,192088,T,,,,,A,,,,A,,,,,,,T,A
scaffold_4,G,20173,,,A,,,,,,,,,,,,,,A,--
scaffold_4,A,20970,,,G,,,,,,,,,,,,,,G,--
scaffold_4,A,26351,,,A,,,,,,,T,,,,,,,A,T
scaffold_4,C,27051,,,T,,,,,,,C,,,,,,,T,C
scaffold_4,G,27709,,,A,,,,,,,,,,,,,,A,--
scaffold_4,T,47502,,T,C,,,,T,,,,,,,,,,C,T
scaffold_4,T,48569,,,T,,,,A,,,,,,,,,,T,A
scaffold_4,T,48613,,C,T,,,,C,,,C,,,,,,,T,C
scaffold_4,G,48988,,,G,,,,A,,,,,,,,,,G,A
scaffold_4,T,49021,,,C,,,,,,,,,,,,,,C,--
scaffold_4,T,49424,,T,C,,,,,,,,,,,,,,C,T
scaffold_4,C,49518,,,T,,,,,,,,,,,,,,T,--
scaffold_4,T,49584,,T,C,,,,,,,,,,,,,,C,T
scaffold_4,A,50542,,,A,,,,G,,,,,,,,,,A,G
scaffold_4,T,52395,,C,T,,,,,,,,,,T,,,,T,C
scaffold_4,G,52904,,,A,,,,,,,,,,A,,,,A,--
scaffold_4,C,58594,,T,C,,,,,,,,,,,,,,C,T
scaffold_4,G,62584,,G,A,,,,,,,,,,,,,,A,G
scaffold_4,A,78538,T,,T,,,,,,,,,,,,,,T,--
scaffold_4,A,79735,G,,G,,,,,,A,,,,,,,,G,A
scaffold_4,T,79992,A,,A,,,,,,,,,,,,,,A,--
scaffold_4,A,80195,G,,G,,,,,,,,,,,,,,G,--
scaffold_4,A,80299,T,,T,,,,,,,,,,,,,,T,--
scaffold_4,T,81078,C,,C,,,,,,,,,,,,,,C,--
scaffold_4,G,81306,A,,A,,,,,,,,,,A,,,,A,--
scaffold_4,A,86036,,,,,G,,,,,,,,,,,,--,G
scaffold_4,C,103320,,,,,T,,,,,,,,,,,,--,T
scaffold_4,T,109383,,,T,,,C,,,,,,,,,,,T,C
scaffold_4,C,113420,,,,,,T,,,,,,,,,,,--,T
scaffold_4,A,136081,,,,,,,,,,T,,,A,,,,T,A
scaffold_4,T,142497,,,,,,,,,,C,,,,,,,C,--
scaffold_4,T,180657,,,,,C,,,,,,,,,,,,--,C
scaffold_4,A,180771,,,,,G,,,,,,,,,,,,--,G
scaffold_4,T,185473,,,,,,,,,,C,,,,,,,--,C
scaffold_4,A,190322,,,A,,,,,,,T,,,A,,,,A,T
scaffold_4,G,197070,,,A,A,,,,,,,,,,,,,A,--
scaffold_4,A,199783,,,,,,,,,,C,,,,,,,--,C
scaffold_4,C,208097,,,,,,,,,,T,,,,,,,--,T
scaffold_4,T,214434,,,,,,,,,,C,,,,,,,--,C
scaffold_4,A,214981,,,,,,,,,,T,,,,,,,--,T
scaffold_4,T,227763,C,,,,,T,,,,T,,,C,,,,C,T
scaffold_4,G,228048,,,,,,,,A,,,,,G,,,,G,A
scaffold_4,G,233374,,G,,,,,,G,,,,,A,,,,A,G
scaffold_4,G,247962,G,A,,,A,,,A,,,,,,,,,G,A
scaffold_4,A,254842,,,,,T,,,T,,,,,,,,,--,T
scaffold_4,T,255634,,,,,C,,,C,,C,,,,,,,--,C
scaffold_4,T,261356,,,,,,,,,,C,,,,,,,--,C
scaffold_4,A,261408,,,,,G,,,,,G,,,,,,,--,G
scaffold_4,T,263054,,,,,A,,,,,A,,,,,,,--,A
scaffold_4,T,269303,,,,,C,,,,,C,,T,,,,,T,C
scaffold_4,T,269354,,,,,C,,,,,C,,,,,,,--,C
scaffold_4,A,269368,,,,,G,,,,,G,,,,,,,--,G
scaffold_4,C,270965,,,,,C,,,,C,,,,,,,T,T,C
scaffold_5,A,94570,,,A,,,,,,,,,,G,,,,A,G
scaffold_6,A,521,,,,T,,,,,,,,,,,,,T,--
scaffold_6,A,6947,,,G,G,,,,,,,,,,,,,G,--
scaffold_6,T,7949,,,,A,,T,,,,,,,,,,,A,T
scaffold_6,A,8125,,,T,T,,,,,,,,,,,,,T,--
scaffold_6,A,8703,,,,T,,,,,,,,,,,,,T,--
scaffold_6,A,12063,,,,G,,,,,,,,,,,,,G,--
scaffold_6,G,12145,,,,T,,,,,,,,,,,,,T,--
scaffold_6,C,13376,,,T,T,,C,,,,,,,,,,,T,C
scaffold_6,A,13500,,,,G,,,,,,,,,,,,,G,--
scaffold_6,A,16313,,,,G,,,,,,,,,,,,,G,--
scaffold_6,C,17820,,,,T,,,,,,,,,,,,,T,--
scaffold_6,C,19553,,,,T,,,,,,,,,,,,,T,--
scaffold_6,T,19699,,,,A,,,,,,,,,,,,,A,--
scaffold_6,A,19789,,,,G,,,,,,,,,,,,,G,--
scaffold_6,T,21677,,,G,G,,,,,,,,,,,,,G,--
scaffold_6,T,31429,,,,,,,,C,,,,,,,,,--,C
scaffold_6,C,31660,,,,,,T,,T,,,,,,,,,--,T
scaffold_6,C,35677,,,,,,,,T,,,,,,,,,--,T
scaffold_6,C,35808,,,,,,,,T,,,,,,,,,--,T
scaffold_6,T,35938,,,,,,C,,C,,,,,T,,,,T,C
scaffold_6,A,36564,,,,,,T,,,,,,,,,,,--,T
scaffold_6,G,36793,,,,,,A,,,,,,,,,,,--,A
scaffold_6,A,38509,,,,,,G,,,,,,,,,,,--,G
scaffold_6,G,38963,,,,,,A,,A,,,,,,,,,--,A
scaffold_6,G,41007,,,,,,A,,A,,,,,,,,,--,A
scaffold_6,A,45575,,,,,,G,,G,,,,,,,,,--,G
scaffold_6,A,45635,,,,,,G,,G,,,,,,,,,--,G
scaffold_6,A,45914,,,,,,T,,T,,,,,T,,,,--,T
scaffold_6,A,55475,,,,,,,,T,A,,,,T,,,,A,T
scaffold_6,T,55502,,,,,,,,A,,,,,T,,,,T,A
scaffold_6,A,55650,,,,,,,,G,G,,,,G,,,,--,G
scaffold_6,T,57027,,,,,,,,C,,,,,C,,,,--,C
scaffold_6,C,57888,,,,,,,,T,,,,,T,,,,--,T
scaffold_6,G,59266,,,,,,,,A,,,,,A,,,,--,A
scaffold_6,A,59416,G,,,,,,,A,,,,,A,,,,G,A
scaffold_6,G,61136,,,,,,,,A,,,,,A,,,,--,A
scaffold_6,A,61155,,,,,,,,G,,,,,G,,,,--,G
scaffold_6,G,61706,,,,,,,,A,,,,,G,,,,G,A
scaffold_6,T,61718,,,,,,,,A,,,,,T,,,,T,A
scaffold_6,A,61827,,,,,,,,G,,,,,G,,,,--,G
scaffold_6,G,62322,,,,,,,,A,,,,,A,,,,--,A
scaffold_6,A,64224,,,,,,,,G,,,,,G,,,,--,G
scaffold_6,G,68026,,A,,A,,,A,,,,,,,,,,A,--
scaffold_6,T,68040,,C,,C,,,C,,,,,,,,,,C,--
scaffold_6,T,105652,,T,C,C,,C,C,,C,C,,,,,T,,T,C
scaffold_6,A,111104,,,G,,,,,,,,,,,,,,G,--
scaffold_6,G,111269,,,G,,,,A,,,,,,,,,,G,A
scaffold_6,G,111276,,,G,,,,A,,,,,,,,,,G,A
scaffold_6,C,111670,,,T,,,,,,,,,,,,,,T,--
scaffold_6,A,111684,,,G,,,,A,,,,,,,,,,G,A
scaffold_6,T,111700,,,C,,,,T,,,,,,,,,,C,T
scaffold_6,G,111735,,,A,,,,G,,,,,,,,,,A,G
scaffold_6,A,113650,,A,T,,,,,,,,,,,,,,T,A
scaffold_6,C,120265,,,T,,,,,,,,,,,,,,T,--
scaffold_6,T,125214,,,G,,,,,,,,,,,,,,G,--
scaffold_6,C,125231,,,T,,,,,,,,,,,,,,T,--
scaffold_6,G,125415,,,A,,,,,,,,,,,,,,A,--
scaffold_6,G,125424,,,A,,,,,,,,,,,,,,A,--
scaffold_6,A,125437,,,G,,,,,,,,,,,,,,G,--
scaffold_6,C,125447,,,T,,,,,,,,,,,,,,T,--
scaffold_6,T,125560,,,A,,,,,,,,,,,,,,A,--
scaffold_6,C,125965,,,T,,,,,,,,,,,,,,T,--
scaffold_6,A,125997,,,T,,,,,,,,,,,,,,T,--
scaffold_6,G,128538,G,,G,A,,,G,A,,,,,,,G,A,G,A
scaffold_6,T,128577,,,T,A,,,T,A,,,,,,,T,A,T,A
scaffold_6,T,128912,,T,G,T,,,T,T,,G,,,,,G,T,G,T
scaffold_6,G,128937,,G,A,G,,,G,G,,A,,,,,A,G,A,G
scaffold_6,T,128946,,T,C,T,,,T,T,,C,,,,,C,T,C,T
scaffold_6,T,129419,,,T,C,,,C,C,,,,,,,T,C,T,C
scaffold_6,A,133439,A,,A,G,,,G,G,,,,,,,A,G,A,G
scaffold_6,A,133638,A,,,T,,,T,,,,,,,,A,T,A,T
scaffold_6,C,133660,T,,,C,,,T,,,,,,,,T,C,C,T
scaffold_6,G,133783,G,,,A,,,A,,,,,,,,G,A,G,A
scaffold_6,A,133793,A,,,T,,,T,,,,,,,,A,T,A,T
scaffold_6,T,133963,T,,,C,,,C,C,,,,,,,T,C,T,C
scaffold_6,T,161952,,T,,T,,C,T,C,,,,,,,,C,T,C
scaffold_7,A,95609,,,,,,G,,A,,,,A,,,G,,A,G
scaffold_7,C,131503,T,,,,,,,,,,,,,,,,T,--
scaffold_7,T,150374,A,,A,,,T,,T,,,,,,,,,A,T
scaffold_7,A,210015,,A,,,,A,,G,,,,,,,,,A,G
scaffold_7,A,210113,,A,,,,A,,G,,A,,A,,,,,A,G
scaffold_7,T,210233,,C,C,T,C,C,,C,,C,,C,,,,,T,C
scaffold_7,C,210296,,A,A,,A,A,,A,,A,,C,,,,,C,A
scaffold_7,T,210308,,C,C,,C,C,,C,,C,,C,,,,,--,C
scaffold_7,G,210322,,A,,,A,A,,A,,A,,A,,,,,--,A
scaffold_7,G,211165,,T,,,T,T,,T,,,,,,,,,--,T
scaffold_7,C,211186,,T,,,T,T,,T,,,,,,,,,--,T
scaffold_7,A,211347,,G,,,G,G,,G,,G,,A,,,,,A,G
scaffold_8,T,161,T,C,T,,,T,,T,,C,,,T,,,,C,T
scaffold_8,G,225,,T,G,,,G,,G,T,T,,,G,,,,T,G
scaffold_8,C,1038,,A,,,,A,,,A,C,,,A,,,,C,A
scaffold_8,G,1043,,G,,,,A,,,G,G,,,A,,,,G,A
scaffold_8,G,8739,,,,,A,,,,,,,,,,,,--,A
scaffold_8,G,8878,,,,,A,,,,,,,,,,,,--,A
scaffold_8,T,16708,,,,,C,,,,,,,,,,,,--,C
scaffold_8,T,122199,,,,,,A,,,,,T,,T,,T,,T,A
scaffold_8,C,143185,,,T,,,,,,,,,,T,,,,T,--
scaffold_8,G,143198,,,A,,,,,,,,,,A,,,,A,--
scaffold_8,T,143323,,,,,,,,,,C,,,C,,,,C,--
scaffold_8,G,143386,,,,,,,,,,A,,,A,,,,A,--
scaffold_8,T,192378,,,,,,,,,,T,,,C,,,,T,C
scaffold_8,A,192385,,,,,,,,,,A,,,G,,,,A,G
scaffold_8,A,192461,,,,,,,,A,,A,,,G,,,,G,A
scaffold_8,C,192490,,,,,,,,,,C,,,T,,,,C,T
scaffold_8,T,202616,,,,,,T,,,,,,,T,,C,,C,T
scaffold_8,T,203217,T,,,,,,,,,,,,,,C,,T,C
scaffold_8,G,203837,,,,,,G,,,,,,,,,A,,A,G
scaffold_10,T,125739,,,,A,,,,,,,,,,,A,,A,--
scaffold_11,G,31985,A,A,,,A,,,G,,A,,A,G,,,,A,G
scaffold_11,A,36269,A,,C,,,,,,,,,,,,,,A,C
scaffold_13,T,119686,,T,C,C,,,T,T,,C,,C,,,T,T,C,T
scaffold_14,G,135520,G,,,,G,G,,G,,,G,G,G,A,,,A,G
scaffold_14,A,165157,,,,,,,,,T,,,,A,,,,T,A
scaffold_14,G,268804,,,,,,,A,,,,A,,,G,,,G,A
scaffold_15,A,9590,,,,A,,,,G,,,,,,,,,A,G
scaffold_15,G,9698,,,,T,,,,G,,,,,,,,,T,G
scaffold_15,C,9787,,,,T,,,,C,,,,,,,,,T,C
scaffold_15,C,17760,,,,C,,,,,,T,,,,,,,C,T
scaffold_15,A,17854,,,,A,G,,,,,,,,,,,,A,G
scaffold_15,A,18001,,,,A,G,,,,,,,,,,,,A,G
scaffold_15,C,19580,,,,C,T,,,,,,,,,,,,C,T
scaffold_15,A,30511,,,,,T,,,,,,,A,,,,,A,T
scaffold_15,C,34387,,,,,,,,T,,,,C,,,,,C,T
scaffold_15,T,34433,,,,,,,,C,,,,T,,,,,T,C
scaffold_15,G,34788,,,,,,,,A,,,,G,,,,,G,A
scaffold_15,T,34850,,,,,,,,C,,,,T,,,,,T,C
scaffold_15,T,52044,,,,A,,,,,,,,,,,,,A,--
scaffold_15,A,79992,,,,G,,,A,,,,,,,,,,G,A
scaffold_15,A,87963,,,,,,T,,,,,,,,,,,--,T
scaffold_15,G,89096,,,,,,G,,,,,,,A,,,,A,G
scaffold_15,A,90333,,,,G,,A,,,,,,,G,,,,G,A
scaffold_15,C,90904,,,,C,,T,T,T,,,,,C,,,,C,T
scaffold_15,T,94364,,,,C,,T,T,,,,,,,,,,C,T
scaffold_15,C,95586,,,,C,,,T,T,,,,,C,,,,C,T
scaffold_15,A,95613,,,,A,,,G,G,,,,,A,,,,A,G
scaffold_15,A,95766,,,,A,,,G,G,,,,,A,,,,A,G
scaffold_15,A,96036,,,,C,,,A,A,,,,,C,,,,C,A
scaffold_15,G,96064,,,,A,,,G,G,,,,,A,,,,A,G
scaffold_15,T,96130,,,,A,,,T,T,,,,,A,,,,A,T
scaffold_15,A,96151,,,,C,,,A,A,,,,,C,,,,C,A
scaffold_15,A,96241,,,,G,,,A,A,,,,,G,,,,G,A
scaffold_15,G,96500,,,,G,,,T,T,,,,,G,,G,,G,T
scaffold_15,A,96557,,,,A,,,T,T,,,,,A,,A,,A,T
scaffold_15,G,96946,,,A,A,,,G,G,,,,,A,,,,A,G
scaffold_15,G,97030,,,A,A,,,G,G,,,,,A,,,,A,G
scaffold_15,C,98240,,C,C,C,,,,T,,,,,C,,,,C,T
scaffold_15,G,98334,,,A,A,,,,G,,,,,A,,,,A,G
scaffold_15,C,98412,,,C,C,,,,T,,,,,C,,,,C,T
scaffold_15,A,99038,,,C,C,,,,A,,,,,,,,,C,A
scaffold_15,A,99047,,,G,G,,,,A,,,,,,,,,G,A
scaffold_15,G,99063,,,A,A,,,,,,,,,,,,,A,--
scaffold_15,C,100605,,,C,C,,,T,,,T,,,,,,,C,T
scaffold_15,C,100711,,,C,C,,,T,T,,,,,,,,,C,T
scaffold_15,C,100985,T,,T,T,,,C,,,C,,,T,,,,T,C
scaffold_15,T,101011,A,,A,A,,,T,,,T,,,,,,,A,T
scaffold_15,A,101164,,,G,G,,,A,,,A,,G,,,,,G,A
scaffold_15,A,101897,,,G,G,,,A,A,,A,,,G,,,,G,A
scaffold_15,C,102329,,,T,T,,,C,C,,C,,,C,,,,T,C
scaffold_15,C,102912,,,C,C,,,T,,,T,,C,C,,,,C,T
scaffold_15,G,102997,G,,G,G,,,A,,,A,,G,G,,,,G,A
scaffold_15,C,103079,C,,C,C,,,T,,,T,C,,,,,,C,T
scaffold_15,T,103189,,,T,T,,,C,,C,C,,T,,,,,T,C
scaffold_15,A,103472,,,G,G,,,A,,,A,,G,,,,,G,A
scaffold_15,T,106328,,,T,T,,,C,,,,,T,,,,,T,C
scaffold_15,G,109423,G,A,G,,,,A,,,,,G,G,,,,G,A
scaffold_15,G,110218,A,G,A,,,,G,G,,,,A,,,,,A,G
scaffold_15,T,111139,C,,C,,,,T,,,,,C,,,,,C,T
scaffold_15,G,112939,A,G,A,,,,G,,,,,A,,A,A,,A,G
scaffold_15,C,117748,,C,T,,,,C,,,,,,,,T,,T,C
scaffold_15,G,119807,,,G,,,,A,,,,,,,,,,G,A
scaffold_15,A,120192,,,G,,,,A,,,,,,,,,,G,A
scaffold_15,T,123897,,,C,,,,,,,,,,,,,,C,--
scaffold_15,C,126241,,,T,,,,,,,,,,,,,,T,--
scaffold_15,C,136454,,,C,,,,,,,G,,C,,,,,C,G
scaffold_15,A,151300,A,,,,,,,,,G,,,,,,,A,G
scaffold_15,T,151816,G,,,,,T,,,,T,,,,,,,G,T
scaffold_15,G,151892,A,,,,,,,,,G,,,,,,,A,G
scaffold_15,A,154052,G,,,,,,,,,A,,,,,,,G,A
scaffold_15,A,155858,A,T,,,,,,,,T,,,,,,,A,T
scaffold_15,G,157669,T,G,,,,,,,,G,,,,,,,T,G
scaffold_15,A,157740,T,A,,,,,,,,A,,,,,,,T,A
scaffold_15,T,161373,T,A,,,,,,,,A,,,,,,,T,A
scaffold_15,A,162857,G,A,,,,,,,,A,,,,,,,G,A
scaffold_15,A,163882,A,G,,,,,,,,G,,,,,,,A,G
scaffold_15,C,167336,T,C,,,,,,,,C,,,,,,,T,C
scaffold_15,G,167577,G,A,,,,,,,,A,,,,,,,G,A
scaffold_15,A,167608,A,G,,,,,,,,G,,,,,,,A,G
scaffold_15,A,175536,,A,,,,,,,,A,,,G,,,,A,G
scaffold_15,A,176056,,A,,,,,,,,A,,,T,,,,A,T
scaffold_15,A,186716,A,,,,,G,,,,G,,,A,,,,A,G
scaffold_15,A,187441,G,,,,A,A,,,,A,,,G,,,,G,A
scaffold_15,G,187911,G,,,,A,A,,,,A,,,G,,,,G,A
scaffold_15,T,188210,T,,,,,,,,,C,,,T,,,,T,C
scaffold_15,A,188594,G,,,,A,A,,,,A,,,G,,,,G,A
scaffold_15,G,188914,A,,,,G,,,,,G,,,A,,,,A,G
scaffold_15,C,188962,C,,,,T,T,,,,T,,,C,,,,C,T
scaffold_15,T,189140,T,,,,C,,,C,,C,,,T,,,,T,C
scaffold_15,A,189569,G,,,,A,,,A,,A,A,,G,,,,G,A
scaffold_15,T,189581,C,,,,T,,,T,,T,,,C,,,,C,T
scaffold_15,T,189655,C,,,,T,,,,,T,,,C,,,,C,T
scaffold_15,T,192338,C,,,,T,,,T,,T,,,C,,,,C,T
scaffold_15,C,196510,C,,,,,,,T,,T,,,,,,,C,T
scaffold_15,A,198696,,,,,,,,,,T,,,A,,,,A,T
scaffold_15,C,199140,,,,,,,,,,T,,,C,,,,C,T
scaffold_15,A,204269,,,,G,,,,,,,,,,,,,G,--
scaffold_15,C,205081,,,,T,,,,,,,,,,,,,T,--
scaffold_15,G,217106,,A,,,,,,,A,,,G,,,,G,A,G
scaffold_15,T,217370,,,,,,,,,C,C,,T,,,,T,C,T
scaffold_15,T,217391,,,,,,,,,C,,,T,,,,T,C,T
scaffold_15,A,217423,,,,,,,,,T,,,A,,,,A,T,A
scaffold_15,C,219357,,,,,,,,,T,,,,,,,C,T,C
scaffold_15,C,219389,C,,,,,,,,T,,,,,,,C,C,T
scaffold_15,C,219433,,,,,,,,,T,,,,,,,C,C,T
scaffold_15,A,219739,,,,,,,,,G,,,,,,,A,A,G
scaffold_16,G,167323,G,,G,,,A,,,G,G,,,,,,,G,A
scaffold_16,A,173841,G,,A,,,G,,,,,,,,,,,A,G
scaffold_17,A,16448,,,T,,,,,,,A,,,,,,,T,A
scaffold_17,G,16536,,,T,,,,,,,,,,,,,,T,--
scaffold_17,T,22157,,,A,,,,,,,T,,,,,,,A,T
scaffold_17,T,22392,,,C,,,,,,,,,,,,,,C,--
scaffold_17,C,22685,,,T,,,,,,,,,,,,,,T,--
scaffold_17,A,28491,,A,G,,,,,A,,,,,,,,,G,A
scaffold_17,A,30537,,A,G,,A,,,A,,A,,,,,,,G,A
scaffold_17,T,30722,,T,C,,,,,T,,T,,,,,,,C,T
scaffold_17,A,35746,,G,,,,,,G,,,,,,,,,--,G
scaffold_17,C,38782,,T,,,,,,T,,,,,,,,,--,T
scaffold_17,C,38963,,A,,,,,,A,,,,,,,,,--,A
scaffold_17,G,41996,,T,,,,,,T,,,,,,,,,--,T
scaffold_17,T,55172,,,,,,,,C,,,,,,,,,--,C
scaffold_17,C,58254,,,,,,,,A,,,,,,,,,--,A
scaffold_17,A,59490,,,,,A,,,T,,,,,,,,,A,T
scaffold_17,C,65892,,,A,,,,,,,,,,,,,,A,--
scaffold_17,A,67675,,,G,,,,,,,,,,,,,A,G,A
scaffold_17,A,78323,,,A,,,,,G,,,,,,,,,A,G
scaffold_17,G,78530,,,T,,,,,,,,,,,,,,T,--
scaffold_17,G,81458,,,A,,,,,G,,,,,,,,,A,G
scaffold_17,G,83125,,,A,,,,,,,,,,,,,,A,--
scaffold_17,T,127594,,A,,,,,,,,,,,,,,,A,--
scaffold_17,C,130786,,T,,,,,,T,,,,,,,,,T,--
scaffold_17,A,131865,,G,,,,,,G,,,,,,,,,G,--
scaffold_17,T,135653,,C,,,,,,C,,,,,,,,,C,--
scaffold_17,C,156409,T,,,,,,C,,,C,,,,,,,T,C
scaffold_17,T,156464,T,,,,,,A,,,A,A,,,,,,T,A
scaffold_17,A,159199,A,,,,,,,,,G,,,,,,,A,G
scaffold_18,C,4681,,,,,,,,,,,,,T,,,,T,--
scaffold_19,T,122465,,,A,,,,T,T,,,,,,,,,A,T
scaffold_19,T,123097,,,,,,,C,C,,,,,,,,,--,C
scaffold_19,T,144791,,,C,,,,,T,,,,C,,,,,C,T
scaffold_19,C,144900,,,C,,,,,T,,,,C,,,,,C,T
scaffold_19,C,144956,,,C,,,,,T,,,,C,,,,,C,T
scaffold_19,G,145084,,,G,,,,,A,,,,G,,,,,G,A
scaffold_19,G,146783,,,G,,,,,A,,,,,,,,,G,A
scaffold_19,G,146882,,,G,,,,,A,,,,,,,,,G,A
scaffold_19,A,147750,,,A,,,,,G,,,,,,,,,A,G
scaffold_19,G,148017,,,A,,,,,G,,,,,,,,,A,G
scaffold_19,A,148523,,,G,,,,,,,,,,,,,,G,--
scaffold_19,C,160276,,,,,C,,,,,,,T,,,,,T,C
scaffold_19,G,170155,,,,,A,A,,,,A,,,,G,,,G,A
scaffold_19,A,184675,,,G,G,,,,,,,,,,G,,,G,--
scaffold_19,C,185756,,,,,,,,,,,,,,T,,,T,--
scaffold_19,C,189524,,,T,,,,,,,,,,,T,,,T,--
scaffold_21,T,98790,T,,,,,C,C,,,,,,,,,,T,C
scaffold_21,T,102518,,,,,,,C,,,,,,,,,,--,C
scaffold_22,A,180326,,G,G,G,,A,G,A,G,G,G,,,,,,G,A
scaffold_22,T,180361,,T,C,C,,C,C,C,,C,T,,,,,,T,C
scaffold_22,C,180418,,T,T,T,C,C,T,C,,T,,,T,,,,T,C
scaffold_23,T,35899,,,C,,,,,,,T,,,,,,,C,T
scaffold_23,A,51602,,,T,T,,,,,,,,T,,,,,T,--
scaffold_23,T,53791,,,A,,,,,T,,,,A,,,,,A,T
scaffold_23,A,54003,,,T,,,,,,,,,T,,,,,T,--
scaffold_23,C,54176,,,T,,,,,C,,,,T,,,,,T,C
scaffold_23,T,54262,,,C,,,,,T,,,,C,,,,,C,T
scaffold_23,G,54497,G,,G,,,,,A,,,,G,,,,,G,A
scaffold_23,C,55071,T,,T,,,,,C,,,,T,,,,,T,C
scaffold_23,C,55450,,,C,,,,,T,,,,C,,,,,C,T
scaffold_23,G,57105,,,A,,,,,G,,,,A,,,,,A,G
scaffold_23,A,57152,,,G,,,,,A,,,,G,,,,,G,A
scaffold_23,A,60063,,,A,,,,,C,,C,,A,,,,,A,C
scaffold_23,G,62928,,,A,,,,,G,,,,A,,,,,A,G
scaffold_23,T,64564,,,A,,,,,T,,,,A,,,,,A,T
scaffold_23,G,67611,,,C,,,,,G,,,,C,,,,,C,G
scaffold_23,A,69829,,,A,,,,,G,,,A,A,,,,,A,G
scaffold_23,C,70257,,,C,,,,,T,,,,C,,,,,C,T
scaffold_23,T,70518,,,A,,,,,T,,,,A,,,,,A,T
scaffold_23,T,71146,,,C,,,,,T,,,,C,,,,,C,T
scaffold_23,A,71189,,,G,,,,,A,,,,G,,,,,G,A
scaffold_23,T,71247,,,C,,,,,T,,,,C,,,,,C,T
scaffold_23,A,71385,,,T,,,,,A,,,,T,,,,,T,A
scaffold_23,G,72168,,,G,,,,,A,,A,,,,,,,G,A
scaffold_23,T,72406,,,T,,,,,C,,C,,,,,,,T,C
scaffold_23,A,73550,,,A,,,,,G,,G,,,,,,,A,G
scaffold_23,T,73605,,,,,,,,T,,G,,,,,,,G,T
scaffold_23,C,73631,,,C,,,,,,,T,,,C,,,,C,T
scaffold_23,T,73944,,,T,,,,,A,,A,,,,,,,T,A
scaffold_23,T,74638,,,T,,,,,G,,G,,,,,,,T,G
scaffold_23,G,74745,,,A,,,,,G,,G,,,,,,,A,G
scaffold_23,C,163930,,,,,T,,,,T,,,,C,,,,C,T
scaffold_23,T,164110,,,,,C,,,,,,,,T,,,,T,C
scaffold_23,T,165087,,,,T,G,,,G,,,,,T,,,,T,G
scaffold_23,G,165517,,,,T,G,,,G,G,,,,T,,,,T,G
scaffold_23,A,166386,,,,T,A,,,A,A,,,,T,,,,T,A
scaffold_23,T,166435,,,,A,T,,,T,T,,,,A,,,,A,T
scaffold_23,A,166878,,T,,A,T,,,T,,,,,A,,,,A,T
scaffold_23,A,167019,,,,G,A,,,A,,,,,G,,,,G,A
scaffold_23,C,167160,,,,A,C,,,C,C,,,,A,,,,A,C
scaffold_23,A,167244,,,,T,A,,,A,A,,,,T,,,,T,A
scaffold_23,A,167298,,,,,A,,,A,A,,,,G,,,,G,A
scaffold_23,C,170583,,,,C,T,,,T,T,,,C,C,,,,C,T
scaffold_23,C,170609,,,,C,A,,,A,,,,C,C,,,,C,A
scaffold_23,T,170640,,,,T,C,,,C,,,,T,T,,,,T,C
scaffold_23,A,170698,,,,A,T,,,T,,,,A,A,,,,A,T
scaffold_23,G,170789,,,,G,A,,,A,,,,G,G,,,,G,A
scaffold_23,C,170872,,,,C,T,,,T,T,,,C,C,,,,C,T
scaffold_23,G,174514,,,,A,G,,,G,,,,A,A,,,,A,G
scaffold_23,G,174880,,,,,T,,,T,,,,G,G,,,,G,T
scaffold_23,G,175005,,,G,G,T,,,T,,,,G,G,,,,G,T
scaffold_23,A,175137,,,,A,G,,,G,G,,,A,A,,,,A,G
scaffold_23,C,175156,,,,C,T,,,T,T,,,C,C,,,,C,T
scaffold_23,G,175914,,,,,A,,,A,,,,G,G,,,,G,A
scaffold_23,A,176653,,,,,A,,,A,A,,,G,,,,,G,A
scaffold_23,T,176908,,,,,A,,,A,,,,T,,,,,T,A
scaffold_23,A,177038,,,,,T,,,T,,,,A,,,,,A,T
scaffold_23,A,177875,,,,A,G,,,G,A,,,A,,,,,A,G
scaffold_24,T,26024,,,T,,,G,,G,,T,,,,,,,T,G
scaffold_24,T,26032,,,T,,,C,,C,,C,,,,,,,T,C
scaffold_24,T,82788,,,,,,G,,,,,,,,,,,--,G
scaffold_24,C,123471,,,,C,,T,C,,,C,,,,,C,,C,T
scaffold_24,T,123558,,,,T,,C,T,,,T,,,,,T,,T,C
scaffold_24,A,150221,A,A,A,A,,,A,A,A,,,T,A,,A,A,T,A
scaffold_24,G,179815,G,,A,G,,,,G,,,,,,,G,A,A,G
scaffold_25,A,92382,,,,,,A,,T,,,,,,,,,A,T
scaffold_26,A,636,,,A,,,,,,,,G,,A,,,,A,G
scaffold_26,T,718,,,C,,,,,,,,T,,C,,,,C,T
scaffold_26,C,875,,,T,,,,,,,,C,,T,,,,T,C
scaffold_26,C,1437,C,,T,,,,,,,,C,,T,,,,T,C
scaffold_26,T,2064,,,T,,,,,,,,C,,T,,,,T,C
scaffold_26,C,2215,C,,C,,,,,,,,T,,C,,,,C,T
scaffold_26,A,4576,A,,A,,,,,,,,G,,A,,,,A,G
scaffold_26,G,6202,A,,A,,,,,,,,G,,A,,,,A,G
scaffold_26,T,6318,C,,C,,,,,,,,T,,C,,,,C,T
scaffold_26,A,8280,G,,G,,,,,,,,A,,,,,,G,A
scaffold_26,C,8343,T,,T,,,,,,,,C,,,,,,T,C
scaffold_26,T,8468,G,,G,,,,,,,,T,,,,,,G,T
scaffold_26,T,11718,C,,C,,,,,,,,,,,,,,C,--
scaffold_26,T,16560,,,C,,,,T,,,,,,,,,,C,T
scaffold_26,A,16608,,,G,,,,,,,,,,,,,,G,--
scaffold_26,T,17098,,,C,,,,,T,,,,,,,,,C,T
scaffold_26,A,17724,,,A,,G,,,G,,,,,,,,,A,G
scaffold_26,T,17750,,,T,,C,,,C,,,,,,,,,T,C
scaffold_26,T,17757,,,T,,C,,,C,,,,,,,,,T,C
scaffold_26,C,17790,,,C,,T,,,T,,,,,,,,,C,T
scaffold_26,G,17798,,,G,,A,,,A,,,,,,,,,G,A
scaffold_26,G,17889,,,G,,A,,,A,,,,,,,,,G,A
scaffold_26,A,17996,,,A,,T,,,,,,,,,,,,A,T
scaffold_26,A,19548,,,T,,A,,,A,,,,,,,,,T,A
scaffold_26,T,19823,,,T,,C,,,,,,,,,,,,T,C
scaffold_26,G,22253,,,G,,A,,,A,,,,,,,,,G,A
scaffold_26,G,22327,,,G,,A,,,A,,,,,,,,,G,A
scaffold_26,A,22667,,,A,,T,,,,,,,,,,,,A,T
scaffold_26,A,22945,,,G,,A,,,,,,,,,,,,G,A
scaffold_26,C,29142,,,T,,C,,,,,,,,,,,,T,C
scaffold_26,T,55233,A,,,,,,T,,,,,,,,,,A,T
scaffold_26,T,65705,,,A,,,,,,,,,,,,,,A,--
scaffold_26,A,66720,,,A,,G,,,,,,,,,,,,A,G
scaffold_26,G,67041,,,A,,G,,,,,,,,,,,,A,G
scaffold_26,G,67604,,,A,A,,,,,,,,,,,,,A,--
scaffold_26,A,91737,,,T,,,A,A,A,,,,,,,,,T,A
scaffold_26,C,94712,,,T,,,C,C,C,,,,,,,,,T,C
scaffold_26,A,97236,,G,A,,,G,G,,,,,,A,,,,A,G
scaffold_26,T,109791,T,,T,,,C,,,,,,,,,,,T,C
scaffold_26,T,116941,T,,T,,,C,,,,,,,,,,,T,C
scaffold_26,T,122696,C,,,,,T,,,,,,,,,,,C,T
scaffold_26,G,124013,A,,,,,,,,,,,,,,,,A,--
scaffold_26,G,124117,A,,A,,,,,,,,,,,,,,A,--
scaffold_26,G,162507,G,,G,,A,A,,,,,,,,,G,,G,A
scaffold_27,G,8004,,,A,,,G,,G,,,,,,,,,A,G
scaffold_27,C,8120,,,T,,,C,,C,,,,,,,,,T,C
scaffold_27,C,8126,,,C,,,T,,T,,,,,,,,,C,T
scaffold_27,A,9011,,,G,,,A,,A,,,,,,,,,G,A
scaffold_27,T,9102,,,C,,,T,,T,,,,,,,,,C,T
scaffold_27,C,9266,,,T,,,C,,C,,,,,,,,,T,C
scaffold_27,C,9338,,,T,,,C,,C,,,,,,,,,T,C
scaffold_27,T,13409,,,,,,C,,,,,,,,,,,--,C
scaffold_27,G,13467,,,,,,A,,,,,,,,,,,--,A
scaffold_27,C,13474,,,,,,T,,,,,,,,,,,--,T
scaffold_27,A,27719,,,A,,,G,,,,,,,,,,,A,G
scaffold_27,T,30587,,T,C,,,,,,,,,,,,,,C,T
scaffold_27,T,35363,,,A,,,,,,,,,,,,,,A,--
scaffold_27,G,38612,,,A,,,,,,,,,,,,,,A,--
scaffold_27,T,38623,,,C,,,,,,,,,,,,,,C,--
scaffold_27,C,42347,,,A,,,,,,,,,,,,,,A,--
scaffold_27,C,49453,,,,,,,,,,T,,,,,,,--,T
scaffold_27,G,49849,,,,,G,,,,,A,,,,,,,A,G
scaffold_27,T,50081,,T,,,G,,,,,G,,,,,,,T,G
scaffold_27,T,51995,,,,,C,,,,,C,,,,,,,--,C
scaffold_27,T,53163,,,,,A,,,,,A,,,,,,,--,A
scaffold_27,A,53499,,,,,G,,,,,G,,,,,,,--,G
scaffold_27,G,58343,,,,,,,,T,,,,,,,,,--,T
scaffold_27,G,63557,,,,,,,A,A,,A,,,,,,,--,A
scaffold_27,C,63607,,,,,,,T,T,,T,,,,,,,--,T
scaffold_27,A,81368,,,,,,,,G,,,,,,,,,--,G
scaffold_27,T,88910,T,,,,,,,C,,,,,,,,,T,C
scaffold_27,T,89136,T,,,,,,,C,,,,,,,,T,T,C
scaffold_27,A,97151,,,,,,,,,,,,,,,G,,G,--
scaffold_27,A,116118,A,,,,,,T,,,,,A,,,A,A,A,T
scaffold_27,C,120511,C,,,,,,T,,,,,C,,,C,C,C,T
scaffold_27,C,120529,C,,,,A,,A,,,,,C,,,C,C,C,A
scaffold_27,G,120545,G,,,,A,,A,,,,,G,,,G,G,G,A
scaffold_27,A,120554,A,,,,G,,G,,,,,A,,,A,A,A,G
scaffold_27,A,120651,A,,,,G,,G,,,,,A,,,A,A,A,G
scaffold_27,T,139787,,,,,,,,,,A,,,,,,,A,--
scaffold_27,C,143833,,,,,,,,,,T,,,,,,,T,--
scaffold_27,G,165776,,,,,,,,,,,,,,,T,,T,--
scaffold_27,T,170288,,,,,,T,,,,,,,,,C,,C,T
scaffold_27,T,171109,,,,,,,,,,,,,,,C,,C,--
scaffold_27,A,172105,,,,,,A,,,,,,,,,G,,G,A
scaffold_28,C,683,,,,T,,,,,,,,,,,,,T,--
scaffold_28,G,86496,G,,G,G,,A,,G,A,A,,,,,G,,G,A
scaffold_28,G,90024,,,G,,,G,,G,A,A,,,,,,,A,G
scaffold_28,T,91353,,,T,,,T,,T,C,C,,,,,,,C,T
scaffold_28,G,96646,,,G,G,,G,,G,A,A,,,,,G,,A,G
scaffold_28,C,107851,,,T,,,,,,,C,,,,,,,T,C
scaffold_30,A,3372,,,G,,,,,,,G,,,,,,,G,--
scaffold_30,A,3396,,,G,,,,,,,G,,,,,,,G,--
scaffold_30,C,3545,,,T,,,,,,,,,,,,,,T,--
scaffold_30,T,3762,,,C,,,,,,,,,,,,,,C,--
scaffold_30,T,5157,,,C,,,,,,,,,,,,,,C,--
scaffold_30,A,5171,,,G,,,,,,,,,,,,,,G,--
scaffold_30,C,5217,,,T,,,,,,,,,,,,,,T,--
scaffold_30,G,5223,,,A,,,,,,,,,,,,,,A,--
scaffold_30,G,5492,,,A,,,,,,,,,,,,,,A,--
scaffold_30,C,14742,,,T,,,,C,,,T,,,,,,,T,C
scaffold_30,G,14939,,,A,A,,,,,,,,,,,,,A,--
scaffold_30,C,19156,,,C,,,,,,,T,,,,,,,C,T
scaffold_30,A,19163,,,A,,,,,,,G,,,,,,,A,G
scaffold_30,G,19704,,,A,,,,,,,G,,,,,,,A,G
scaffold_30,C,20592,,,C,,,,,,,T,,,,,,,C,T
scaffold_30,C,23378,,,T,,,,,,,,,,,,,,T,--
scaffold_30,G,23597,,T,G,,,,,,,,,G,G,,,,G,T
scaffold_30,G,25146,,A,G,,,,,,,,,G,,,,,G,A
scaffold_30,G,25173,,A,G,,,,,,,,,G,,,,,G,A
scaffold_30,A,25464,,A,G,,,,,,,,,,,,,,G,A
scaffold_30,T,25546,,T,C,,,,,,,,,,,,,,C,T
scaffold_30,T,25555,,T,A,,,,,,,,,,,,,,A,T
scaffold_30,T,25701,,T,C,,,,,,,,,,,,,,C,T
scaffold_30,T,25708,,T,C,,,,,,,,,,,,,,C,T
scaffold_30,C,25953,,T,C,,,,,,,,,C,,,,,C,T
scaffold_30,G,29824,,G,T,,,,,,,,,,,,,,T,G
scaffold_30,A,30412,,,G,,,,,,,,,,,,,,G,--
scaffold_30,C,30429,,,T,,,,,,,,,,,,,,T,--
scaffold_30,A,30471,,,G,,,,,,,,,,,,,,G,--
scaffold_30,C,30512,,,T,C,,,,,,,,,,,,,T,C
scaffold_30,A,30590,,,G,G,,,,,,,,,A,,,,G,A
scaffold_30,C,30646,,,A,,,,,,,,,,,,,A,A,--
scaffold_31,G,11651,,,G,,,A,A,,,,,,,,,,G,A
scaffold_31,C,11819,,,,,,T,T,,,,,,,,,,--,T
scaffold_31,T,11930,,,,,,,A,,,,,,,,,,--,A
scaffold_31,T,24079,,,,,,G,G,,,,,,,,,,--,G
scaffold_31,T,24087,,,,,,C,C,,,,,,,,,,--,C
scaffold_31,G,27531,,,A,,,G,G,,,,,A,,,A,,A,G
scaffold_31,T,35927,,,,,,C,,,,,,,,,,,--,C
scaffold_31,C,36363,,,,,,C,,,,,,,T,,,,T,C
scaffold_31,C,60495,T,,,,,,,,,,,,,,,,T,--
scaffold_31,A,60516,G,,,,,,,A,,,,,,,,,G,A
scaffold_31,T,61779,T,,,,,,,C,,,,,,,,,T,C
scaffold_31,T,63797,C,,,,,,,,,,,,,,,,C,--
scaffold_31,G,77672,A,,,,,,,,,,,,,,,,A,--
scaffold_31,A,80983,G,,,,,,,,,,,,,,,,G,--
scaffold_31,T,83069,T,,,,,,G,,,,,,,,,,T,G
scaffold_31,T,93583,,,,,,,,,,,,A,,,,,A,--
scaffold_31,T,94266,,,,,,,,,,,,A,,,,,A,--
scaffold_31,G,97381,A,,,,,,,,,,,,,,,,A,--
scaffold_31,A,98575,G,,,,,,A,,,,,G,,,,,G,A
scaffold_31,T,99747,C,,,,,,T,,,,,C,,,,,C,T
scaffold_31,T,101131,C,,,,,,T,,,,,C,,,,C,C,T
scaffold_31,A,101837,T,,,,,,A,,,,,T,,,,T,T,A
scaffold_31,T,101845,C,,,,,,T,,,,,T,,,,C,C,T
scaffold_31,A,103921,T,,,,,,A,,,,,T,,,,,T,A
scaffold_31,A,109692,G,,,,,,A,,,,,,,,,,G,A
scaffold_31,T,109982,C,,,,,,T,,,,,,,,,,C,T
scaffold_31,C,110032,T,,,,,,C,,,,,,,,,,T,C
scaffold_31,G,111556,A,,,,,,G,,,,,,,,,,A,G
scaffold_31,T,112069,C,,,,,,T,,,,,,,,,,C,T
scaffold_31,A,114726,A,,,,,,G,,,,,A,,,,,A,G
scaffold_31,G,114765,G,,,,,,A,,,,,G,,,,,G,A
scaffold_31,A,114909,A,,,,,,T,,,,,,,,,,A,T
scaffold_31,T,114935,T,,,,,,C,,,,,,,,,,T,C
scaffold_31,T,115044,T,,,,,,C,,,,,,,,,,T,C
scaffold_31,G,115311,G,,,,,,A,,,,,,,,,,G,A
scaffold_31,G,117377,A,,,,,,,,,,,,,,,,A,--
scaffold_31,C,117689,T,,,,,,,,,,C,,,,,,T,C
scaffold_31,C,119230,T,,,,,,,,,,,,,,,,T,--
scaffold_31,A,119543,T,,,,,,,,,,,,,,,,T,--
scaffold_31,A,119713,G,,,,,,,,,,,,,,,,G,--
scaffold_31,A,119959,G,,,,,,,,,,,,,,,,G,--
scaffold_31,A,120494,T,,,,,,,,,,,,,,,,T,--
scaffold_32,G,41903,,,,,,A,,A,,A,A,,,,,,--,A
scaffold_32,G,42146,,,,,,T,,,,T,T,,,,,,--,T
scaffold_32,A,42351,,,,,,G,,G,,G,G,,,,,,--,G
scaffold_33,A,84563,,,,,,,,,C,,,,,,,,C,--
scaffold_33,A,112464,,,,,,,,,,A,,,T,,,,T,A
scaffold_33,A,114326,,,,,,,,,,T,,,A,,,,A,T
scaffold_33,C,114870,,,,,,,,,,T,,,C,,,,C,T
scaffold_33,A,115686,,,,,,,,,,A,,,G,,,,G,A
scaffold_33,C,115695,,,,,,,,,,C,,,T,,,,T,C
scaffold_33,A,123177,,,,,,,,,,G,,,A,,,,A,G
scaffold_33,G,124151,,,,,,,,,,G,,,A,,,,A,G
scaffold_33,A,124644,,,A,,,,,,,G,,,A,,,A,A,G
scaffold_33,C,126892,,,C,,,,,,,A,,,C,,,C,C,A
scaffold_33,T,126906,,,T,,,C,,,,C,,,T,,,T,T,C
scaffold_33,A,127537,,,,,,,,,,T,,,A,,,,A,T
scaffold_33,G,128164,,,G,,,A,,,,A,A,,G,,,,G,A
scaffold_33,C,128528,,,,,,,,,,T,T,,C,,,,C,T
scaffold_33,G,135918,,,,,,,,,,A,,,,,,,--,A
scaffold_33,A,137578,,,,,A,,,,,T,,,,,,,T,A
scaffold_33,A,137584,,,,,A,,,,,T,,,,,,,T,A
scaffold_33,T,142518,,,,,,,,,,G,,,,,,,G,--
scaffold_33,C,144364,,,,,,,,,,T,,,,,,,T,--
scaffold_33,A,156870,,,,,,,,,,G,,,,,,,G,--
scaffold_33,C,158150,,,,C,,,,,,T,,,,,,,C,T
scaffold_33,G,163282,,,,,,,,,,T,,,,,,,--,T
scaffold_34,C,101547,,,,,,,,,,,,,,T,,,T,--
scaffold_34,A,101604,,,,,,,,,,,,,,G,,,G,--
scaffold_34,A,101646,,,,,,,,,,,,,,C,,,C,--
scaffold_34,G,102030,,,,,,,,G,,,,,,A,,,A,G
scaffold_34,C,102101,,,C,,,,,C,,,,,,G,,,G,C
scaffold_34,A,102436,,,G,,,,,,,,,,,G,,,G,--
scaffold_34,G,102479,,,G,,,,,,,,,,,A,,,G,A
scaffold_34,T,102489,,T,T,,,,,T,,,,,,C,,,C,T
scaffold_34,G,102512,,G,G,,,,,G,,,,,,A,,,G,A
scaffold_34,A,102575,,,,,,,,A,,,,,,G,,,G,A
scaffold_34,G,102608,,,,,,,,,,,,,,A,,,A,--
scaffold_34,G,102614,,,,,,,,,,,,,,A,,,A,--
scaffold_34,A,156969,,,,,G,,,,,,,,,,,,--,G
scaffold_35,A,1784,,,,A,,C,,,C,,,,,,,,A,C
scaffold_35,A,14204,,,,A,,G,,,,,,,,,,,A,G
scaffold_35,G,14486,,,,A,,G,,,,,,,,,,,A,G
scaffold_35,T,15649,,,,A,,T,,,,,,,,,,,A,T
scaffold_35,T,15742,,,,A,,T,,,,,,,,,,,A,T
scaffold_35,C,41917,,T,,,,T,,,,T,,C,T,,,,C,T
scaffold_36,T,102813,,,C,,,,,,,,,,,,,,C,--
scaffold_36,G,123953,A,,,,,G,G,,,,,,,,,,A,G
scaffold_38,T,5049,,,,C,,,,,,,,,C,,,,C,--
scaffold_38,T,6538,,,,A,,,,,,,,,A,,,,A,--
scaffold_38,G,9766,,A,,,,,,A,,,,G,G,,,,A,G
scaffold_38,C,13230,,,,,,,,,,,,T,T,,,,--,T
scaffold_38,A,13288,,A,,,,,,,,,,G,G,,,,A,G
scaffold_38,T,36219,,,,,,C,,,,,,,,,,,--,C
scaffold_38,G,36253,,,,,,A,,,,,,,,,,,--,A
scaffold_38,T,37670,,,,,,A,,,,,,,,,,,--,A
scaffold_38,C,37687,,,,,,T,,,,,,,,,,,--,T
scaffold_38,A,37713,,,,,,T,,,,,,,,,,,--,T
scaffold_38,G,37811,,,,,,A,,,,,,,,,,,--,A
scaffold_38,A,37839,,,,,,G,,,,,,,,,,,--,G
scaffold_38,A,38794,,,,,,G,,,,,,,,,,,--,G
scaffold_38,G,45880,,,,,T,T,,,,,,,,,,,--,T
scaffold_38,T,47487,,,,,,C,,,,,,,,,,,--,C
scaffold_38,A,64395,,,,,,,,,A,,,,T,,,,A,T
scaffold_38,T,64416,,,,,,,,,,,,,C,,,,--,C
scaffold_38,G,64920,,,,,,,,,,,,,A,,,,--,A
scaffold_38,A,64946,,,,,,,,,,,,,T,,,,--,T
scaffold_38,G,65131,,G,,,,,,,,,,,A,,,,G,A
scaffold_38,A,65225,,,,,,,,,,,,,C,,,,--,C
scaffold_38,T,72721,,,,,,,,,,,,,C,,,,--,C
scaffold_38,A,83956,,,,,,,,,,,,,G,,,,--,G
scaffold_38,T,85822,,,,G,T,,,,,,,,,,,,G,T
scaffold_38,T,86037,,C,,T,C,,,,,,,,,,,,T,C
scaffold_38,T,87272,,,C,C,T,,,,,,,,,,,,C,T
scaffold_38,A,87342,,,A,A,T,,,,,,,,,,,,A,T
scaffold_38,A,87946,,,A,A,,,,,,C,,,,,,,A,C
scaffold_38,A,87972,,,,A,G,,,,,,,,,,,,A,G
scaffold_38,T,88015,,,,T,G,,,,,,,,,,,,T,G
scaffold_38,A,92680,,,,T,,,,,,,,,,,,,T,--
scaffold_38,T,131433,,C,,T,,,,,,,,,,,,,T,C
scaffold_38,A,131674,,G,,A,,,,,,,G,,,,,,A,G
scaffold_38,A,131821,,A,,G,,,,,,,,,,,,,G,A
scaffold_39,A,147619,A,,A,A,,A,G,A,,A,,,,,,,A,G
scaffold_39,A,153302,G,,A,,,G,,,,G,,,,,,,A,G
scaffold_39,G,153382,A,,A,A,,G,,,,A,,,,,,,A,G
scaffold_39,G,153411,A,,A,A,,A,,,,A,,,,,,,A,--
scaffold_40,A,102742,,A,G,A,,A,G,,A,,,,G,G,,G,A,G
scaffold_40,T,103217,,T,A,T,,T,T,,T,,,,A,,,A,A,T
scaffold_40,C,154770,,C,,C,C,,,C,T,C,,C,,,,,T,C
scaffold_41,A,83776,A,,,,,A,G,A,,,,,,,,,G,A
scaffold_41,A,83800,,,,,,T,T,,,,,,,,,,--,T
scaffold_42,G,1290,,A,,,,G,,A,,,A,,,,,,A,G
scaffold_42,G,140014,A,,A,,,,,,,,,,,,,,A,--
scaffold_42,T,140576,T,,C,,,,,,,,,,,,,,C,T
scaffold_42,T,140615,,,A,,,,,,,,,,,,,,A,--
scaffold_42,T,140969,G,,G,,,,,,,,,,,,,,G,--
scaffold_42,G,165119,,,,A,,,,,,G,,,,,,,A,G
scaffold_42,A,165148,,,,C,,,,,,A,,,,,,,C,A
scaffold_42,C,165407,,,,T,,,,,,,,,,,,,T,--
scaffold_42,A,165422,,,,T,,,,,,,,,,,,,T,--
scaffold_42,C,165656,,,,T,,C,,,,,,,,,,,T,C
scaffold_42,A,165685,,,,T,,A,,,,,,,,,,,T,A
scaffold_42,A,165714,,,,G,,,,,,,,,,,,,G,--
scaffold_42,C,173947,,,,T,,,,,,,,,,,T,,T,--
scaffold_47,T,30275,T,T,,T,,,,,,T,,C,C,,,,T,C
scaffold_47,A,30431,,A,,A,,,,,,A,,G,G,,,,A,G
scaffold_47,G,30477,G,G,,G,,,,,,G,,A,A,,,,G,A
scaffold_47,T,30634,T,T,,T,,,,,,,,,C,,,,T,C
scaffold_47,G,30655,G,G,,G,,,,,,G,,A,A,,,,G,A
scaffold_47,A,30860,A,A,,A,,,,,,A,,,T,,,,A,T
scaffold_47,A,31079,,A,,A,,A,,,,A,,,G,,,,A,G
scaffold_47,G,31111,G,G,,G,,G,,,,,,,A,,,,G,A
scaffold_47,A,31443,,A,,A,,A,,,,A,,,G,,,,A,G
scaffold_47,A,31487,,A,,A,,A,,,,A,,,T,,,,A,T
scaffold_47,A,31563,A,A,,A,,A,,,,A,,,G,,,,A,G
scaffold_47,A,31768,A,A,,A,,A,,,,A,,,G,,,,A,G
scaffold_47,A,31858,,A,,A,,A,,,,A,,,C,,,,A,C
scaffold_47,T,31948,T,T,C,T,,T,,,,T,,,C,,,,T,C
scaffold_47,G,31960,G,G,A,G,,,,,,G,,,A,,,,G,A
scaffold_47,C,32147,,C,,C,,C,,,,C,,T,T,,,,C,T
scaffold_48,T,65833,,C,T,,,,,,,C,,,T,,,,C,T
scaffold_48,G,151171,,,,,,,,,A,,,,,,G,,A,G
scaffold_49,T,8248,,,,,,A,,,,,A,,,,,,--,A
scaffold_49,C,8263,,,,,,T,,,,,T,,,,,,--,T
scaffold_49,C,8292,,,,,,T,,,,,T,,,,,,--,T
scaffold_49,T,8335,,,,,,C,,,C,,C,,,,,,--,C
scaffold_49,A,8571,,T,,,,T,,,,,,,,,,,--,T
scaffold_49,A,8727,,,,,,T,,,,,,,,,,,--,T
scaffold_49,C,8904,,,,,,T,,,,,,,,,,,--,T
scaffold_49,A,14796,,G,,,,G,,,G,,,,,,,,G,--
scaffold_49,G,14812,,A,,,,A,,,A,,,,,,,,A,--
scaffold_49,T,14943,,C,,,,C,,,,,,,,,,,C,--
scaffold_49,A,15858,,A,G,,,A,,,,,,,,,,,A,G
scaffold_49,A,16121,,A,T,,,A,,,,,,,,,,,A,T
scaffold_49,A,17623,,A,G,,,A,,,,,,,,,G,,A,G
scaffold_49,T,20971,,C,T,,,C,C,,,,,,,,,,T,C
scaffold_49,T,24563,,C,,,,C,C,,,,,,T,,,,T,C
scaffold_49,T,27288,,A,,,,A,A,,,,,,T,,,,T,A
scaffold_49,G,30120,,A,,,,A,A,,,,,,,,,,--,A
scaffold_49,T,31338,,C,,,,C,C,,,,,,,,,,--,C
scaffold_49,A,64681,C,,,,,,,,,,,C,C,,,,C,--
scaffold_51,G,48830,,,,,,G,,,,,,,,,,A,A,G
scaffold_51,T,50303,,,,,,T,,T,,,,,C,,,C,C,T
scaffold_51,A,51140,,,,,,,,,,,,G,G,,,G,G,--
scaffold_51,C,120223,,,,,,,,,,,,,T,,,,T,--
scaffold_51,A,120239,,,,,,,,,,,,,C,,,,C,--
scaffold_51,A,120287,,,,,,,,,,,,,T,,,,T,--
scaffold_51,T,120396,,,,,,,,,,,,,C,,,,C,--
scaffold_51,A,120403,,,,,,,,,,,,,G,,,,G,--
scaffold_51,A,124454,,,,,,,,,,,,,G,,,,G,--
scaffold_51,A,124470,,,,,,,,,,,,,C,,,,C,--
scaffold_51,C,124485,,,,,,,,,,,,,T,,,,T,--
scaffold_51,C,124563,,,,C,,,,,,,,,A,,,,C,A
scaffold_51,T,125880,,,,,,,,,,,,,C,,,,C,--
scaffold_51,G,126334,,,,,,,,,,,,,A,,,,A,--
scaffold_51,A,126585,,,,,,,,,,,,,T,,,,T,--
scaffold_51,A,127231,,,,,,A,,,,,,,T,,,,T,A
scaffold_51,G,127874,,,,,,G,,,,,,,A,,,,A,G
scaffold_51,T,127896,,,,,,T,,,,,,,A,,,,A,T
scaffold_51,C,127919,,,,,,C,,,,,,,A,,,,A,C
scaffold_51,C,150340,,T,T,T,,,,C,,,,,,,,,T,C
scaffold_51,A,158875,,G,,A,,,,G,,,,,,,,,A,G
scaffold_52,A,8345,,,,,,,T,,,T,,,,,,,--,T
scaffold_55,A,37483,,,,,A,,,A,C,,,,,,C,,C,A
scaffold_55,T,74882,T,T,A,,,,T,T,,,T,,,,,,A,T
scaffold_58,A,239,G,A,A,,A,A,A,,,,,,A,,A,A,G,A
scaffold_59,G,160621,T,,G,G,,,,T,,G,,,,,,,G,T
scaffold_59,T,160627,T,,T,A,,A,,T,,T,,A,T,,,,T,A
scaffold_60,T,79269,,,C,,,,C,C,,,,,C,,,,C,--
scaffold_60,T,84275,C,,C,,,,C,C,,,,,T,,,,C,T
scaffold_60,T,84281,T,,C,,,,C,C,,,,,C,,,,T,C
scaffold_60,T,84287,T,,C,,,,C,C,,,,,C,,,,T,C
scaffold_60,T,87146,,,T,,,,G,G,,G,,,T,,,,T,G
scaffold_60,T,87217,,,C,,,,C,C,,C,,,,,,,C,--
scaffold_61,C,731,,,T,,,C,,,,C,,,,,,T,T,C
scaffold_61,A,1295,,A,T,,,A,,,,A,,,,,,T,T,A
scaffold_61,G,1475,,,T,,,G,,,,G,,,,,,T,T,G
scaffold_61,T,1822,,T,C,,,T,,,,T,,,,,,C,C,T
scaffold_61,A,1947,,T,A,,,T,,,,T,,,,,,,A,T
scaffold_61,T,1983,,,C,,,T,,,,T,,,,T,,,C,T
scaffold_61,A,2041,,A,G,,,A,,,,G,,,,,,G,G,A
scaffold_61,T,2048,,T,A,,,T,,,,A,,,,,,A,A,T
scaffold_61,A,2060,,A,G,,,A,,,,G,,,,,,G,G,A
scaffold_61,G,21359,,,T,,,G,,,,G,,,T,,,,T,G
scaffold_61,A,21432,,,G,,,A,,,,A,,,G,,,,G,A
scaffold_61,A,21438,,,G,,,A,,,,A,,,G,,,,G,A
scaffold_61,C,21483,,,T,,,,,,,C,,,T,,,,T,C
scaffold_61,A,21599,,,T,,,A,,,,A,,,T,,,,T,A
scaffold_61,C,21628,,,T,,,C,,,,C,,,T,,,T,T,C
scaffold_61,T,40414,,,A,,,,,,,,,,,,,,A,--
scaffold_61,A,40453,,,G,,,A,,,,A,,,,,,,G,A
scaffold_61,C,41976,,,T,,,C,,,,C,,,,,,,T,C
scaffold_61,A,42216,,,T,,,,,,,,,,,,,,T,--
scaffold_61,T,48108,,,,,C,,,,,C,C,,,,,,--,C
scaffold_61,C,48531,,,,,T,T,,C,,T,T,,,,,,C,T
scaffold_61,C,54072,,,,,T,,,T,,T,T,,,,,,--,T
scaffold_61,A,58538,A,,,,G,,,G,,,G,,,,A,,A,G
scaffold_61,T,61886,,,,,C,,,C,,T,,,,,,,T,C
scaffold_61,C,61967,,,,,T,,,T,,T,T,,,,,,--,T
scaffold_61,T,62029,,,,,C,,,C,,,C,,,,,,--,C
scaffold_61,C,62450,,,,,T,,,T,,T,T,,,,,,--,T
scaffold_61,T,62495,,,,,C,,,C,,C,,,,,,,--,C
scaffold_61,A,63727,,,,,C,,,C,,C,C,,,,,,--,C
scaffold_61,G,64205,,,,,A,,,A,,A,A,,,,,,--,A
scaffold_61,A,66076,,,,,G,,,G,,G,,,,,,,--,G
scaffold_61,T,66263,,,,,C,,,,,C,C,,,,,,--,C
scaffold_61,T,68621,,,C,C,T,T,,,,,,,,,,,C,T
scaffold_61,T,70808,,,T,T,G,G,,,,G,,,,,,,T,G
scaffold_61,G,71210,,,T,T,G,G,,,,,,,,,,,T,G
scaffold_61,T,72376,,,A,A,T,T,,T,,T,,,,,,,A,T
scaffold_61,A,73599,,,G,G,A,,,A,,,,,,,,,G,A
scaffold_61,T,73808,,,,C,T,,,T,,,,,,,,,C,T
scaffold_61,C,74362,,,,T,C,,,C,,,,,,,,,T,C
scaffold_61,G,74590,,,,A,G,G,,G,,,,,,,,,A,G
scaffold_61,G,74698,,,A,A,G,G,,G,,,,,,,,,A,G
scaffold_61,G,74708,,,A,A,G,G,,G,,,,,,,,,A,G
scaffold_61,A,74936,,,G,G,A,A,,A,,,,,,,,,G,A
scaffold_61,C,74986,,,T,T,C,C,,C,,,,,,,,,T,C
scaffold_61,T,75023,,,,C,T,T,,T,,,,,,,,,C,T
scaffold_61,A,83304,,,,,G,G,,G,,,,,,,,,--,G
scaffold_61,C,83425,,,,T,C,C,,C,,,,,,,,,T,C
scaffold_61,A,83518,,,,G,A,A,,A,,,,,,,,,G,A
scaffold_61,G,86033,,,G,,A,A,,A,,,,G,G,,,,G,A
scaffold_61,T,87731,,,C,,T,,,T,,,,,T,,,C,C,T
scaffold_61,A,88593,,,G,,A,,,A,,,,,,,,,G,A
scaffold_61,C,89008,,,C,,T,,,T,,,,,C,,,,C,T
scaffold_61,G,89204,,,A,,G,,,G,,,,,A,,,,A,G
scaffold_61,T,89251,,,C,,T,,,T,,,,,C,,,,C,T
scaffold_61,T,89270,,,C,,T,,,T,,,,,C,,,,C,T
scaffold_61,T,90134,,,C,,T,,,T,,,,,C,,,,C,T
scaffold_61,C,91024,,,C,,T,,,T,,,,,C,,,,C,T
scaffold_61,A,95267,A,,T,,A,,,A,,,,,,,,,T,A
scaffold_61,T,95819,,,A,,T,,,T,,,,,T,,,,A,T
scaffold_61,A,96614,C,,C,,A,,,,,,,,,,,C,C,A
scaffold_61,C,96909,C,,C,,G,,,G,,,,,C,,,C,C,G
scaffold_61,A,97155,A,,A,,G,,,G,,,,,,,,A,A,G
scaffold_61,G,97847,G,,G,,A,,,A,,,,,,,,G,G,A
scaffold_61,A,98141,G,,G,,A,,G,A,,,,,G,,,G,G,A
scaffold_61,T,104899,,,C,,T,,,,,,,,,,,,C,T
scaffold_61,T,105554,,,C,,,,,,,,,,,,,,C,--
scaffold_61,A,105909,,,G,,,,,,,,,,,,,,G,--
scaffold_61,G,106261,,,A,,,,,,,,,,,,,,A,--
scaffold_61,T,109818,,,T,,,T,C,T,,,,,,,,,T,C
scaffold_61,A,114523,G,,G,,,,,,,,,,,,,,G,--
scaffold_61,A,123835,A,,,,C,,,,,,,,,,,,A,C
scaffold_61,C,124510,,,T,,C,,,,,,,,,,,,T,C
scaffold_61,C,130775,,,C,C,T,,,,,,,,,,,,C,T
scaffold_61,G,131320,,,,A,G,,,,,,,,,,,,A,G
scaffold_61,C,131802,,,,C,T,,,,,,,,,,,,C,T
scaffold_61,C,137642,,,A,,C,,,,,,,,,,,,A,C
scaffold_61,A,138116,,,A,,T,T,,,,,,,,,,,A,T
scaffold_61,A,143416,,,,,,G,,G,,G,,,,,,,--,G
scaffold_62,A,1256,,,,,G,,,G,,,,,,,,,--,G
scaffold_62,T,2583,,,,,,,,C,,,,,,,,,--,C
scaffold_62,C,2757,,,,,,,,T,,,,,,,,,--,T
scaffold_62,T,8050,,,C,,T,,,T,,,,,,,,,C,T
scaffold_62,A,8101,,,,,G,,,G,,,,,,,,,--,G
scaffold_62,A,11517,,,G,,A,,,A,,A,,,,,,,G,A
scaffold_62,C,15141,,,C,,T,,,T,,T,,,C,,,,C,T
scaffold_62,A,15789,,,T,,A,,,A,,A,,,,,,,T,A
scaffold_62,A,15851,,,,,G,,,G,,G,,,,A,,,A,G
scaffold_62,A,16433,,,,,G,,,G,,G,,,,,,,--,G
scaffold_62,G,19628,,,,,A,,,A,,A,,,,,,,--,A
scaffold_62,A,23894,,,,,G,,,G,,G,,,,,,,--,G
scaffold_62,T,34625,,,,,,,,,,A,,,,,,,--,A
scaffold_62,T,34924,,,,,,,T,,,A,,,,,,,A,T
scaffold_62,T,56558,,,T,,,,,C,C,C,,,,,,,T,C
scaffold_62,C,56569,,,,,,,,T,T,T,,,,,,C,C,T
scaffold_62,A,56805,,,G,,,,,A,A,A,,,,,,,G,A
scaffold_62,C,56821,,,T,,,,,C,C,C,,,,,,,T,C
scaffold_62,T,57836,,,A,,,T,,T,T,T,,,,,,,A,T
scaffold_62,A,66801,,T,A,,,T,,T,T,,,,,,,,A,T
scaffold_62,G,73643,,A,,,,A,,A,,A,,,,,,,--,A
scaffold_62,C,73697,,T,,,,T,,T,,,,,,,,,--,T
scaffold_62,G,75889,,A,,G,,,A,,,,,,,,,,G,A
scaffold_62,A,75989,,G,,A,,G,G,,,A,,,,,,,A,G
scaffold_62,T,76022,,A,,T,,,A,,,,,,,,,,T,A
scaffold_62,T,76842,,T,,C,,,T,,,T,,,,,,,C,T
scaffold_62,A,76954,,A,,T,,,,,,A,,,,,,,T,A
scaffold_62,A,77553,,,,A,,T,T,,,,,,,,,,A,T
scaffold_62,G,80816,,,,G,,,A,,,,,,,,,,G,A
scaffold_62,A,80893,,,,A,,,G,,,,,,,,,,A,G
scaffold_62,A,81023,,,,A,,T,T,,,,,,,,,,A,T
scaffold_62,A,81045,,,,A,,T,T,,,,,,,,,,A,T
scaffold_62,A,81239,,,,A,,G,G,,,,,,,,,,A,G
scaffold_62,G,81317,,,,G,,,A,,,A,,,,,,,G,A
scaffold_62,G,81356,,,,G,,,A,,,A,,,,,,,G,A
scaffold_62,G,81484,,,,G,,A,A,,,,,,,,,,G,A
scaffold_62,A,81517,,,,A,,G,G,,,,,,,,,,A,G
scaffold_62,G,82152,,,,A,,G,,,,,,,,,,,A,G
scaffold_62,C,85158,,,,A,,,,,,,,,,,,,A,--
scaffold_62,A,86002,,,,T,,A,,,,,,,,,,,T,A
scaffold_62,C,86359,,,,T,,C,,,,,,T,,,,,T,C
scaffold_62,C,89935,,,,T,,C,,,,,,,,,,,T,C
scaffold_62,C,92010,,,,G,,,,,,,,,,,,,G,--
scaffold_62,T,97272,A,,,A,,,,,,,,,,,,,A,--
scaffold_62,T,104953,C,,,,,,,,,,,,,,,,C,--
scaffold_62,A,107806,,,T,,,,,,,,,,,,,,T,--
scaffold_62,T,112170,,,A,,,,,,,,,,,,,,A,--
scaffold_62,C,112326,,,T,,,,,,,,,,,,,,T,--
scaffold_62,T,112584,,,C,,,,,,,,,,,,,,C,--
scaffold_62,C,112758,,,T,,,,,,,,,,,,,,T,--
scaffold_62,T,112766,,,G,,,,,,,,,,,,,,G,--
scaffold_62,C,113426,,,T,,,,,,,,,T,,,,,T,--
scaffold_62,T,113432,,,A,,T,,,,,,,A,,,,,A,T
scaffold_62,T,113468,,,C,,,,,,,,,C,,,,,C,--
scaffold_62,C,114442,,,,,T,,,T,,,,,,,,,--,T
scaffold_62,T,114495,,,,,G,,,G,,,,,,,,,--,G
scaffold_62,C,126626,,,,,T,,,T,,,,C,,,,,C,T
scaffold_62,T,132747,,,C,,,,T,T,,,,C,,,,,C,T
scaffold_62,C,137635,,T,C,,,,,,,,,,,,,,C,T
scaffold_62,A,137697,,G,A,,,,G,G,,,,,,,,,A,G
scaffold_62,A,138256,,A,G,,,,A,,,,,,,,,,G,A
scaffold_62,T,138355,,T,C,,,,T,T,,,,,,,,,C,T
scaffold_64,A,128477,C,A,C,,C,C,,C,C,,,C,C,,A,,C,A
scaffold_65,T,22904,T,A,,,T,A,A,T,,,,,T,,,,T,A
scaffold_65,T,37555,,,,,A,,,,,,,,,,,,--,A
scaffold_65,A,38592,,,,,T,,,,,,,,,,,,--,T
scaffold_66,C,1158,,T,,,C,,T,C,,T,,,,,,,T,C
scaffold_66,C,1186,,A,,,,,A,,,C,,,,,,,A,C
scaffold_66,A,1212,,G,,,,,G,,,G,,,,,,,G,--
scaffold_66,T,1293,,C,,,,,C,,,C,,,,,,,C,--
scaffold_66,T,1323,,C,,,,,C,,,C,,,,,,,C,--
scaffold_66,C,1332,,T,,,,,T,,,T,,,,,,,T,--
scaffold_66,A,1678,,G,,,,,G,,,G,,,,,,,G,--
scaffold_66,G,1707,,A,,,,,A,,,A,,,,,,,A,--
scaffold_69,A,17008,,,,,,,,,,G,,,,A,,,G,A
scaffold_69,T,17049,,,,,,,,,,T,,,C,C,,,T,C
scaffold_69,G,17098,,,,,,,,,,,,,A,A,,,--,A
scaffold_69,G,17122,,,,,,,,,,G,,,A,A,,,G,A
scaffold_69,A,17146,,,,,,,,,,A,,,G,G,,,A,G
scaffold_69,C,17280,,,,,,,,,,C,,,T,T,,,C,T
scaffold_69,A,17396,,,,,,,,,,,,,G,G,,,--,G
scaffold_69,T,17463,,,,,,,,,,C,,,T,T,,,C,T
scaffold_69,T,29110,,,,,,,,,,C,,,T,T,,,C,T
scaffold_69,T,29359,,,,,,,,,,C,,,T,T,,,C,T
scaffold_69,G,29365,,,,,,A,,,,A,,,G,G,,,G,A
scaffold_69,G,29417,,,,,,,,,,A,,,,G,,,G,A
scaffold_69,G,31627,,,,,,,,,,A,,,,,,,A,--
scaffold_69,C,33795,,A,,,,,,,,A,,,,,,,A,--
scaffold_69,G,33927,,A,A,,,,,,,A,,,,,,,A,--
scaffold_69,C,53982,,,T,,,C,,C,,C,,,,,,,T,C
scaffold_69,A,54102,,,G,,,A,,A,,A,,,,,,,G,A
scaffold_69,T,54241,,,C,,,T,,T,,T,,T,,,,,C,T
scaffold_69,A,55507,,,G,,,,,A,,A,,,,,,,G,A
scaffold_69,A,56657,,,G,,,,,A,,A,,,,,,,G,A
scaffold_69,T,56736,,,C,,,,T,T,,T,,,,,,,C,T
scaffold_69,T,59626,,,T,,,,,C,,C,,,,,,,T,C
scaffold_69,A,59672,,,A,,,,,G,,G,,,,,,,A,G
scaffold_69,T,60780,,,C,,,,,T,,T,,,T,,,,C,T
scaffold_69,G,61338,,,A,,,,,G,,G,,,,,,,A,G
scaffold_69,T,62047,,,A,,,,,T,,T,,,,,,,A,T
scaffold_69,T,64415,,,T,,,,A,A,,A,,,,,,,T,A
scaffold_69,T,65102,,,T,,,,,C,,,,,,,,,T,C
scaffold_69,A,65709,,,A,,,,G,G,,,,,,,,,A,G
scaffold_69,C,69521,,,C,,,,T,,,,,,,,C,,C,T
scaffold_69,C,70731,,,T,,,,,,,,,T,,,T,,T,--
scaffold_69,G,70985,,,C,,,,,,,,,,,,C,,C,--
scaffold_69,T,71045,,,G,,,,,,,,,,,,G,,G,--
scaffold_69,G,74938,,,T,,,,,,,,,,,,T,,T,--
scaffold_69,A,75117,,,T,,,,,,,,,,,,T,,T,--
scaffold_69,T,75268,,,C,,,,,,,,,,,,C,,C,--
scaffold_69,C,75278,,,T,,,,,,,,,,,,T,,T,--
scaffold_69,A,75720,,,T,,,,,,,,,,,,T,,T,--
scaffold_69,C,75742,,,A,,,,,,,,,,,,A,,A,--
scaffold_69,G,75774,,,A,,,,,,,,,,,,A,,A,--
scaffold_69,C,75996,,,T,,,,,,,,,,,,T,,T,--
scaffold_69,A,76124,,,C,,,,,,,,,,,,C,,C,--
scaffold_69,G,76275,,,A,,,,,,,,,,,,A,,A,--
scaffold_69,C,76790,,,T,,,,,,,,,,,,T,,T,--
scaffold_69,T,82536,,,,,,,,,,,,C,,,,,C,--
scaffold_69,A,82654,,,C,,,,,,,,,C,,,,,C,--
scaffold_69,A,87255,,,T,,,,,,,,,T,,,,,T,--
scaffold_69,G,92485,,,,,,,,,,,,A,,,,,A,--
scaffold_69,C,97563,,,,,,,,,,,,T,,,,,T,--
scaffold_69,C,97628,,,,,,,,,,,,A,,,,,A,--
scaffold_69,G,99549,,,G,,,A,,,,,,,,,,,G,A
scaffold_69,G,100138,,,G,,,T,,,,,,,,,,,G,T
scaffold_69,G,101972,,,G,,,,T,,,,,,,,,,G,T
scaffold_69,T,102972,,,G,,,T,,,,,,,,,,,G,T
scaffold_69,G,102989,,,A,,,G,,,,,,,,,,,A,G
scaffold_69,T,103001,,,C,,,T,,,,,,,,,,,C,T
scaffold_69,A,106933,,,,G,,,A,,,,,,,,,,G,A
scaffold_69,G,106957,,,,T,,,G,,,,,,,,,,T,G
scaffold_69,A,106999,,,,A,,,T,,,,,,,,,,A,T
scaffold_69,A,107497,,,,A,,A,G,,,,,,,,,,A,G
scaffold_69,C,109182,,,,C,,T,T,,,,,,,,,,C,T
scaffold_69,T,109385,,,,T,,,A,,,,,,,,,,T,A
scaffold_69,T,109716,,,,C,,,,,,,,,,,,,C,--
scaffold_69,T,110534,,,,C,,,,,,,,,,,,,C,--
scaffold_69,T,110934,,,,A,,,T,,,,,,,,,,A,T
scaffold_69,G,116614,,,,A,,G,,,,,,,,,,,A,G
scaffold_69,G,116632,,,,A,,G,,,,,,,,,,,A,G
scaffold_69,G,117091,,,,T,,G,,,,,,,,,,,T,G
scaffold_69,C,117190,,,,T,,C,,,,,,,,,,,T,C
scaffold_69,G,118746,,,,A,,G,,,G,,,,,,,,A,G
scaffold_69,T,119103,,,,G,,T,,,,,,,,,,,G,T
scaffold_69,C,119193,,,,T,,C,,,,,,,,,,,T,C
scaffold_69,G,119280,,,,G,,T,,,,,,,,,,,G,T
scaffold_69,G,119305,,,,G,,A,,,,,,,,,,,G,A
scaffold_69,T,119428,,,T,T,,A,,,,,,,,,,,T,A
scaffold_69,C,119572,,,,T,,C,,,C,,,,,,,,T,C
scaffold_69,T,120153,,,A,,,T,,,,,,,,,,,A,T
scaffold_69,T,121470,,,T,,,A,,,,,,,,,,,T,A
scaffold_69,T,121708,,,,,,C,,,,,,,,,,,--,C
scaffold_69,C,123104,,,,,,T,,,,,,,,,,,--,T
scaffold_71,T,2139,,,C,,,,,C,,,,T,,,,C,C,T
scaffold_71,A,111845,G,A,G,,A,A,A,A,,G,,,A,,,G,G,A
scaffold_72,T,93188,,,,,,,T,,,,,,,A,,,A,T
scaffold_72,G,93496,,,,A,,,G,,,,,,,,,,A,G
scaffold_72,T,97089,,,,,,,A,,,,,,T,,,,T,A
scaffold_72,T,99140,,,,,,,G,,,,,,T,,,,T,G
scaffold_72,A,101291,,G,,,,,G,,,,,,,,,,--,G
scaffold_72,T,101801,,A,,,,,A,,,,,T,,,,,T,A
scaffold_72,T,102405,,A,,,,,A,,,,,,,,,,--,A
scaffold_73,C,12944,,T,,,C,C,,T,,,,,,,C,,T,C
scaffold_74,G,71701,,,,,,G,,,,,,A,,,,,A,G
scaffold_74,A,101031,,,,,,G,,,,A,,,,,,,A,G
scaffold_75,T,140895,C,C,,,,,T,,,,C,,,,,,C,T
scaffold_76,A,638,,,,G,A,,,,,,,,,,,,G,A
scaffold_76,C,866,,,,T,C,,,,,,,,,,,,T,C
scaffold_76,C,906,,,,T,C,,,,,,,,,,,,T,C
scaffold_76,A,17812,G,,,,G,G,G,G,,G,,G,G,,,,--,G
scaffold_76,T,17843,A,,,,A,A,A,A,,,,A,A,,,,--,A
scaffold_76,C,17850,T,,,,T,T,,T,,,,T,T,,,,--,T
scaffold_76,G,17885,A,,,,G,A,,A,,,,A,A,,,,G,A
scaffold_76,G,73091,G,G,,,G,G,A,G,,,,,,,,,G,A
scaffold_76,A,73097,A,A,,,G,A,G,A,,,,,,,,,A,G
scaffold_76,C,73125,C,C,,,C,C,T,,,,,,,,,,C,T
scaffold_76,A,73130,G,A,,,G,A,G,,,,,,,,,,A,G
scaffold_76,C,73217,,C,,,C,C,T,,,,,,,,,,C,T
scaffold_76,C,73240,,C,,,C,C,T,,,,,,,,,,C,T
scaffold_76,T,73415,,T,,,C,T,C,C,C,,,,,,,,T,C
scaffold_76,G,74992,,G,,,G,G,A,G,,G,,,,,,,G,A
scaffold_76,G,75082,,G,,,G,G,A,G,,,,,,,,,A,G
scaffold_76,C,75108,,C,,,C,C,T,C,,C,,,,,,,T,C
scaffold_76,T,79761,,C,,,,C,,,,,,,,,,,--,C
scaffold_76,A,84382,,,,,,G,,,,,,,,,,,--,G
scaffold_76,A,101526,,A,G,,,A,,,,,,,,,,,G,A
scaffold_76,T,102248,,G,T,,,G,,,,,,,,,,,T,G
scaffold_76,T,103121,,G,T,,,G,,,,,,,,,,,T,G
scaffold_76,G,104666,,G,A,,,G,,,,,,,,,,,A,G
scaffold_76,A,108804,,,A,,,T,,,,,,,,,,,A,T
scaffold_76,G,112224,,,T,,,G,,,,,,,,,,,T,G
scaffold_77,A,10196,,T,,,,T,,,,,,,A,,,,T,A
scaffold_77,G,11702,,C,,,,,,,,,,,,,,,C,--
scaffold_77,C,12282,,T,,,,,,,,,,,,,,,T,--
scaffold_77,A,12970,,T,,,,,,,,,,,,,,,T,--
scaffold_77,T,13015,,C,,,,,,,,,,,,,,,C,--
scaffold_77,G,13627,,A,,,,,A,,,,,,,,,,A,--
scaffold_77,T,13705,,A,,,,,A,,,,,,,,,,A,--
scaffold_77,C,23359,,C,,,C,,C,,,,,,T,,,,C,T
scaffold_77,T,23772,,C,,,C,,C,,,,,,,,,,C,--
scaffold_77,A,24624,A,G,,,G,,G,,,,,,,A,,,A,G
scaffold_77,T,32338,,C,,,C,,,,,,,,,,,,C,--
scaffold_77,T,106051,T,T,T,A,,,,,,,,,,,,,T,A
scaffold_78,A,5567,,C,,,,,,,,,,,,,,C,C,--
scaffold_79,C,285,C,,,,,,,,,T,,,,,,,C,T
scaffold_79,A,56556,,,A,,,T,,,,,T,,,,,,A,T
scaffold_79,T,64263,,,,,,,G,,,,G,,,,,,--,G
scaffold_80,T,6718,,,,C,,T,,,,,T,,,,,,C,T
scaffold_80,A,59437,,,,,G,G,,,,,,,,,,,--,G
scaffold_80,T,80632,,,,,,C,,,,,,,,,,,--,C
scaffold_80,C,82633,,,,,,T,,,,,,,,,,,--,T
scaffold_80,G,89506,,,,,,T,,,,,,,,,,,--,T
scaffold_80,T,100372,,,,,,C,,C,,,,,,,,,--,C
scaffold_80,A,113392,,,,,,,G,G,,,,,,,,,--,G
scaffold_80,A,115845,,,,,,,G,T,,,,,,,,,G,T
scaffold_80,T,118006,,,,,,A,A,A,,,,,,,,,--,A
scaffold_80,T,120495,,,,,,T,,A,,,,,,,,,T,A
scaffold_80,C,120758,,,,,,,,T,,,,,,,,,--,T
scaffold_80,T,121450,,,,T,,,C,C,,,,,,,,,T,C
scaffold_80,C,121770,,,C,C,,,,T,,,,,,,,,C,T
scaffold_81,C,39542,,A,C,,,A,,,C,,,,A,,,,C,A
scaffold_83,G,99524,,A,,,A,,,,A,,,,,,,,A,--
scaffold_84,T,48844,,C,T,C,,,T,C,,T,,,T,C,C,,C,T
scaffold_84,G,48857,,A,G,A,,,G,A,,G,,,A,A,A,,A,G
scaffold_84,T,49030,A,T,A,A,,,A,T,,A,,,T,T,T,,A,T
scaffold_84,A,49924,,A,G,A,,,G,A,,A,,,A,A,G,,A,G
scaffold_85,G,72276,A,,,,,,,G,,,,,,,,,A,G
scaffold_87,A,1395,,,T,,,,,,,,,T,T,,,,T,--
scaffold_87,A,7793,,,A,A,,,,G,,,,A,A,,,,A,G
scaffold_87,G,8821,,,,G,,,,A,,,,G,G,,,,G,A
scaffold_87,T,8929,,,A,A,,,,,,,,A,A,,,,A,--
scaffold_87,A,15116,,,A,,,T,,,,,,,A,,,,A,T
scaffold_87,T,15617,,,T,,,C,,,,,,,T,,,,T,C
scaffold_87,T,16998,,,,,,T,,,,,,,A,,,,A,T
scaffold_87,C,29204,,,,,,C,,,,,,,,T,,,T,C
scaffold_87,A,29609,,,,A,A,A,,,,,,A,A,T,,,T,A
scaffold_87,A,29615,,,,A,A,A,,,,,,A,,T,A,,T,A
scaffold_87,T,30543,,,,,,A,,,,,,,,T,,,T,A
scaffold_87,C,30706,,,,,,C,,,,,,T,,T,,,T,C
scaffold_87,T,31934,,C,,,,C,,,,,,,,T,,,T,C
scaffold_87,A,32257,,,,,,A,,A,,,,,,G,,,G,A
scaffold_87,T,32987,,C,,,,C,,,,,,T,,T,,,T,C
scaffold_87,A,33131,,G,,,,G,,,,,,A,,A,,,A,G
scaffold_87,T,41651,C,T,,,,T,,T,,,,,,,,,C,T
scaffold_87,T,42000,G,T,,,,T,,T,,,,,,,,,G,T
scaffold_87,G,42926,A,G,,,,G,,G,,,,A,,,,,A,G
scaffold_87,T,43184,C,T,,,,T,,T,,,,,,,,,C,T
scaffold_87,C,43662,T,C,,,,C,,C,,,,,,,,,T,C
scaffold_87,C,43740,C,T,,,,T,,T,,,,,,,,,C,T
scaffold_87,T,44051,C,T,,,,T,,T,,,,C,,,,,C,T
scaffold_87,T,45003,A,,,,,T,,,,,,,,,,,A,T
scaffold_87,T,45624,C,T,,,,T,,,,,,,,,,,C,T
scaffold_87,C,45771,T,C,,,,C,,C,,,,,,,,,T,C
scaffold_87,A,45814,G,A,,,,A,,A,,,,,,,,,G,A
scaffold_87,G,46234,A,G,,,,G,,,,,,A,,,,,A,G
scaffold_87,T,47076,T,C,,,,C,,,,,,T,,,,,T,C
scaffold_87,C,47910,,T,,,,T,,,,,,C,,,,,C,T
scaffold_88,G,26958,,,,,,,T,G,,,G,T,,,,,T,G
scaffold_90,G,7525,,,,,,G,A,,,G,,,,,G,,A,G
scaffold_90,A,7544,,,,,,A,T,,,A,,,,,A,,T,A
scaffold_90,C,7556,,,,,,C,T,,,C,,,,,C,,T,C
scaffold_91,T,16246,,T,,C,T,,,T,T,,,,C,,T,,C,T
scaffold_91,T,16368,,T,,C,T,,T,T,T,T,,,C,T,T,,C,T
scaffold_91,T,16455,,T,,C,T,,T,T,T,,,,C,,,,C,T
scaffold_91,C,22480,,,C,A,,,,C,C,,A,,A,,,,A,C
scaffold_91,A,22548,A,,,G,,,,A,A,,,,G,,A,,G,A
scaffold_91,T,22569,T,,,C,,,,T,T,,,,C,,T,,C,T
scaffold_91,G,34960,G,G,A,A,A,,A,G,G,A,,,A,,G,,G,A
scaffold_91,A,62522,,,,,,,,,G,,,,,,,G,G,--
scaffold_92,C,122626,T,C,T,T,C,C,C,T,C,T,,,T,C,T,,T,C
scaffold_94,A,6322,A,,,,,G,,,,,,,,,,,A,G
scaffold_94,A,7032,A,,,,,G,,,,,,,,,,,A,G
scaffold_94,T,8256,,,,,,C,,,,,,,,,,,--,C
scaffold_94,A,8756,T,,,,,A,,,,,,,,,,,T,A
scaffold_94,A,9114,G,,G,,,A,,,,,,,,,,,G,A
scaffold_94,C,15287,A,,,,,C,,,,,,,,,,,A,C
scaffold_94,A,16470,T,,,,,A,,,,,,,,,,,T,A
scaffold_94,G,18012,T,,,,,G,,,,,,,,,,,T,G
scaffold_94,T,22760,T,,T,,,C,,,,,,,,,,,T,C
scaffold_94,C,23070,T,,,,,C,,,,,,,,,,,T,C
scaffold_94,T,29002,A,,A,,,,,,,,,,,,,,A,--
scaffold_96,T,2452,,,,,,,,C,C,C,,,,,,T,T,C
scaffold_96,G,9707,,,A,,,G,,G,G,G,,,,,,,A,G
scaffold_96,T,13799,,,T,,C,C,,,C,C,,,,,,,T,C
scaffold_96,G,16737,,,T,,G,G,,,G,G,,,,,,,T,G
scaffold_96,C,20713,,,T,,,C,C,,,C,,,,,,,T,C
scaffold_96,T,21421,,,T,,,A,A,A,,A,,,,,,,T,A
scaffold_96,G,21648,,,G,,,A,A,A,A,A,,,G,,,,G,A
scaffold_96,G,21653,,,G,,,A,A,A,A,A,,,G,,,,G,A
scaffold_96,A,21860,,,A,,,T,T,T,,T,,,,,,,A,T
scaffold_96,T,23940,,,C,,,T,T,,,T,,,,,,,C,T
scaffold_96,A,24180,,,A,,,,C,,,C,,,,,,,A,C
scaffold_96,T,28768,,,A,,,,T,T,,,,,,,,,A,T
scaffold_96,T,35257,,,T,,,,C,,,,,,,,,,T,C
scaffold_96,A,35455,,,A,,,,T,,,,,,,,,,A,T
scaffold_96,A,35630,,,A,A,,,T,,,,,,,,,,A,T
scaffold_96,A,36079,,,A,,,,G,,,,,,,,,,A,G
scaffold_96,T,36441,,,T,,,,C,,,,,,,,,,T,C
scaffold_96,A,41911,,,A,,,,T,,,,,,,,,,A,T
scaffold_96,T,42419,,,A,,,T,T,,,,,,,,,A,A,T
scaffold_96,A,42720,,,A,,,,G,,,,,,,,,,A,G
scaffold_96,T,43441,,,T,,,,C,,T,C,,,,,,T,T,C
scaffold_96,A,43880,,,T,,,,A,,,,,,,,,,T,A
scaffold_96,C,44278,,,T,,,,C,,C,,,,,,,,T,C
scaffold_96,A,44606,,,G,,,,A,,,,,,,,,,G,A
scaffold_96,T,45854,,,C,,,,T,,T,,,,,,,,C,T
scaffold_96,A,51130,,,A,,G,,,,,,,,,,A,,A,G
scaffold_96,T,51233,,,C,,T,,,,,,,,,,C,,C,T
scaffold_96,T,51248,,,C,,T,,,,,T,,,,,C,,C,T
scaffold_96,C,51901,,,T,,C,,,,,,,,,,T,,T,C
scaffold_96,C,51973,,,T,,C,,,,C,,,,,,T,,T,C
scaffold_96,A,52972,,,G,,A,,,,,G,,,,,G,,G,A
scaffold_96,A,57809,,,G,,A,,,,,,,,,,,,G,A
scaffold_96,C,57875,,,T,,C,,,,,,,,,,,,T,C
scaffold_96,A,57910,,,G,,A,,,,,,,,,,,,G,A
scaffold_96,G,57940,,,A,,G,,,,,,,,,,,,A,G
scaffold_96,T,58123,,,C,,T,,,,,,,,,,,,C,T
scaffold_96,G,58531,,,A,,G,,,,,,,,,,,,A,G
scaffold_96,G,58614,,,G,,A,,,,,,,,,,,,G,A
scaffold_96,C,63821,,,T,,C,,,,C,,,,,,,,T,C
scaffold_96,G,67107,,,A,,G,,,,,,,,,,,,A,G
scaffold_96,G,71084,,,,,A,,,,,,,G,,,,,G,A
scaffold_96,T,71546,,,,,C,,,,,,,,,,,,--,C
scaffold_96,T,71573,,,,,C,,,,C,,,,,,,,--,C
scaffold_96,C,72299,,,,,T,,,,,,,,,,,,--,T
scaffold_96,G,72509,,,,,A,,,,,,,,,,,,--,A
scaffold_96,T,72601,,,,,C,,,,,,,,,,,,--,C
scaffold_96,C,72620,,,,,T,,,,,,,,,,,,--,T
scaffold_96,T,72848,,C,,,C,,,,,,C,,,,,,--,C
scaffold_96,G,77870,,,,,A,,,,,,,,,,,,--,A
scaffold_96,A,79589,,,A,,T,,,A,,A,,,,,,,A,T
scaffold_96,A,80190,,,T,,A,,,,,,,,,,,,T,A
scaffold_96,A,83394,,A,G,,A,,,A,,,,,,,,,G,A
scaffold_96,G,90455,,T,G,,,,,,,T,,,,,,,G,T
scaffold_96,A,105777,,,A,,,,,G,,G,,,,,A,A,A,G
scaffold_96,A,112187,,,,,,,,A,,,,,,,G,,G,A
scaffold_96,A,114252,,,,,,,,A,,,,,,,,G,G,A
scaffold_96,G,120760,,A,,,,,,,,,,,,,,G,A,G
scaffold_96,T,140036,,,C,,,,T,,,,,,,,,,C,T
scaffold_96,G,150660,,G,,,G,,A,A,,G,,,,,,,G,A
scaffold_96,C,153021,,,C,,,,,T,,,,,,,,,C,T
scaffold_96,C,153471,,,T,T,,,,,,,,,,,,,T,--
scaffold_96,T,158094,,,,T,C,,,,,,,,,,,,T,C
scaffold_96,A,159497,,A,,G,A,,,,,,,,,,,,G,A
scaffold_96,G,159598,,G,,T,,,,,,,,,,,,,T,G
scaffold_96,A,160632,,A,,G,A,,,A,,,,,,,,,G,A
scaffold_96,T,161802,,T,,A,,,,,,,,,,,,,A,T
scaffold_96,G,165884,,G,,A,,,,,,,,,,,,,A,G
scaffold_96,A,166022,G,A,,G,,,,,,,,,,,,,G,A
scaffold_96,T,175037,,A,,,,,A,,,,,,,,,,--,A
scaffold_96,G,178501,,G,,A,,,G,G,,G,,,,,,,A,G
scaffold_96,C,178552,,C,,T,,,C,C,,C,,,,,,,T,C
scaffold_96,T,178807,T,T,,C,,,T,T,,,,,,,,,C,T
scaffold_96,A,188307,,,,,,,G,G,G,,,,,,A,,A,G
scaffold_97,C,113945,A,,C,C,,A,,A,,,,,,,,C,C,A
scaffold_97,G,113954,A,,G,G,,A,,A,,,,,,,,G,G,A
scaffold_97,G,114015,,,G,G,,A,,G,,A,,,,,,G,G,A
scaffold_98,C,312,,,A,,,,C,,,,,,,,,A,A,C
scaffold_98,A,2036,,,A,,,,G,,,,,,,,,,A,G
scaffold_98,C,23805,,C,,,C,,,T,,,,T,,T,,,C,T
scaffold_98,T,23826,,T,,,T,,,C,,,,C,,C,,,T,C
scaffold_98,A,29328,,,,A,A,,,C,A,,,,,C,,,A,C
scaffold_98,G,29339,,,,G,T,,,G,T,,,,,G,,,G,T
scaffold_98,T,52179,,,,,T,,,,,,T,C,,,,,C,T
scaffold_98,G,54079,,,,,,,,,,,,A,,,,,A,--
scaffold_98,T,54453,,,,,T,,,,,T,,C,,,,,C,T
scaffold_98,C,57525,,,T,,,,,,,,,T,,,,,T,--
scaffold_98,A,78872,,T,,,T,,,,,,,,,,,,--,T
scaffold_98,G,83918,,,,,,,,,,T,,,,,,,--,T
scaffold_98,T,86585,,,,,,,,,,A,,,,,,,--,A
scaffold_98,C,93466,,,,,,,,,,T,T,,,,,,--,T
scaffold_98,A,108427,,,A,,,,,,,,G,,,,,,A,G
scaffold_98,C,108505,,,T,,,,,,,,C,,,,,,T,C
scaffold_98,G,108634,,,A,,,,,,,,G,,,,,,A,G
scaffold_98,C,112329,,,C,,,,,,,,T,,,,,,C,T
scaffold_98,T,112376,,,T,,,,,,,,T,,,,,C,T,C
scaffold_98,G,112412,,,A,,,,,,,,G,,,,,G,A,G
scaffold_98,A,113476,G,,A,,,,,,,,,,G,,,G,A,G
scaffold_98,G,120763,,,A,,,,G,,G,,,,,,,,A,G
scaffold_98,G,120931,,,A,,,,G,,,,,,,,,,A,G
scaffold_99,G,72654,,,,,,G,A,A,,A,,,,,,,G,A
scaffold_99,A,176402,,,G,,,,,,,A,,,,,,,G,A
scaffold_99,T,178112,,,C,,,,,,,T,,,,,,,C,T
scaffold_99,C,178123,,,T,,,,,,,C,,,,,,,T,C
scaffold_99,C,183880,,,C,,,,,,,T,,,,,,,C,T
scaffold_99,A,185332,,,A,,,,,,,G,,,,,,,A,G
scaffold_99,C,185405,,,T,,C,,,,,C,,,,,,,T,C
scaffold_99,T,185600,,,T,,C,,,,,C,,,,,,,T,C
scaffold_99,C,186806,,,A,,C,,,,,,,,,,,,A,C
scaffold_99,C,193115,,,T,,,,,,,,,,,,,,T,--
scaffold_100,C,11580,C,T,T,,,,T,T,,C,,,,C,,,C,T
scaffold_100,G,11589,G,A,A,,,,A,A,,G,,,,G,,,G,A
scaffold_100,G,11603,G,A,A,,,,A,A,G,G,,,,G,,,G,A
scaffold_100,G,11642,G,A,A,,,,A,A,G,G,,G,,G,,,G,A
scaffold_100,A,12514,G,,G,,,,,,,,,,,G,,,G,--
scaffold_100,A,18256,,,T,,,A,,T,,T,,,,T,,T,T,A
scaffold_100,G,60374,,,,,,,A,,,,,,,,,,--,A
scaffold_100,G,61605,,,A,,,,G,,,,,A,,,,,A,G
scaffold_100,C,62310,,,C,,,,T,,,,,C,,,,,C,T
scaffold_100,T,63008,,,T,,,,A,,,,,T,,,,,T,A
scaffold_100,C,63535,,,C,,,C,T,,,,,C,,,,,C,T
scaffold_100,C,65392,,,C,,,T,T,,,,,C,,,,,C,T
scaffold_100,T,73140,,,A,,,T,T,,,,,,,,,,A,T
scaffold_100,A,83208,,,G,,,A,,A,,,A,G,,,G,,G,A
scaffold_100,C,83219,,,T,,,C,,C,,,C,T,,,T,,T,C
scaffold_100,T,83306,,,G,,,T,,T,,,,G,T,,G,,G,T
scaffold_100,T,83439,,,C,,,T,,T,,,,C,T,,C,,C,T
scaffold_100,A,83451,,,G,,,A,,A,,,,G,A,,G,,G,A
scaffold_100,T,83465,,,C,,,T,,T,,,,C,T,,C,,C,T
scaffold_100,A,83485,,,T,,,A,,A,,,,T,A,,T,,T,A
scaffold_100,C,83536,,,T,,,,,C,,,,T,,,T,,T,C
scaffold_100,A,83648,,A,G,,A,,A,A,A,A,A,G,,A,G,,G,A
scaffold_100,A,83762,,,G,,,,,A,,,,G,,,,,G,A
scaffold_100,A,83830,,,T,,,,,A,,,,T,,,,,T,A
scaffold_100,C,84055,,,C,,,,C,A,,,,C,,,,,C,A
scaffold_100,C,101650,T,,,,,,T,T,,,T,,T,C,,,C,T
scaffold_100,C,101674,T,,,,,,T,T,,,T,,T,C,,,C,T
scaffold_100,A,101752,A,,,,,,G,G,,,,,G,,,,A,G
scaffold_100,A,102784,A,,,,,,G,G,,,,,G,A,G,,A,G
scaffold_100,T,102929,T,,,,,,A,A,,,,,A,,T,,T,A
scaffold_100,A,103042,G,,,,,,A,A,,,A,,A,G,,,G,A
scaffold_100,A,103096,A,,,,,,G,G,,,G,,G,A,A,,A,G
scaffold_100,A,103218,G,,,,,,G,G,,,G,,G,A,,,A,G
scaffold_100,T,103344,T,,,,,,C,C,,,C,,C,,,,T,C
scaffold_100,G,103375,G,,,,,,A,A,,,A,,A,G,,,G,A
